Id;Hora de inicio;Hora de finalización;Correo electrónico;Nombre;Total de puntos;Comentarios del cuestionario;Hora de publicación de la calificación;¿Cuales es su nombre?;Puntos: ¿Cuales es su nombre?;Comentarios: ¿Cuales es su nombre?;Digite su número de cedula;Puntos: Digite su número de cedula;Comentarios: Digite su número de cedula;¿En que rango de edad se encuentra?;Puntos: ¿En que rango de edad se encuentra?;Comentarios: ¿En que rango de edad se encuentra?;Por favor actualice su número de contacto telefónico;Puntos: Por favor actualice su número de contacto telefónico;Comentarios: Por favor actualice su número de contacto telefónico;¿En qué año ingreso a la Maestría en Ciencias de la Información y las Comunicaciones?;Puntos: ¿En qué año ingreso a la Maestría en Ciencias de la Información y las Comunicaciones?;Comentarios: ¿En qué año ingreso a la Maestría en Ciencias de la Información y las Comunicaciones?;¿En qué énfasis se encuentra inscrito?;Puntos: ¿En qué énfasis se encuentra inscrito?;Comentarios: ¿En qué énfasis se encuentra inscrito?;¿En qué Modalidad o Metodología se encuentra inscrito?;Puntos: ¿En qué Modalidad o Metodología se encuentra inscrito?;Comentarios: ¿En qué Modalidad o Metodología se encuentra inscrito?;¿Cuáles son sus áreas de investigación?;Puntos: ¿Cuáles son sus áreas de investigación?;Comentarios: ¿Cuáles son sus áreas de investigación?;Si se ofreciera una asignatura impartida en un 50% en inglés el próximo semestre, ¿se inscribiría?;Puntos: Si se ofreciera una asignatura impartida en un 50% en inglés el próximo semestre, ¿se inscribiría?;Comentarios: Si se ofreciera una asignatura impartida en un 50% en inglés el próximo semestre, ¿se inscribiría?;¿Cómo cree que una asignatura en inglés podría mejorar sus oportunidades futuras?;Puntos: ¿Cómo cree que una asignatura en inglés podría mejorar sus oportunidades futuras?;Comentarios: ¿Cómo cree que una asignatura en inglés podría mejorar sus oportunidades futuras?;Considero que mi participación en actividades de investigación, desarrollo tecnológico, creación artística, culturales, deportivas y de extensión ha contribuido a mi desarrollo integral como persona, ;Puntos: Considero que mi participación en actividades de investigación, desarrollo tecnológico, creación artística, culturales, deportivas y de extensión ha contribuido a mi desarrollo integral como persona, ;Comentarios: Considero que mi participación en actividades de investigación, desarrollo tecnológico, creación artística, culturales, deportivas y de extensión ha contribuido a mi desarrollo integral como persona, ;Por favor, proporciona ejemplos específicos de actividades de investigación en las que has participado y cómo han impactado en tu formación integral:;Puntos: Por favor, proporciona ejemplos específicos de actividades de investigación en las que has participado y cómo han impactado en tu formación integral:;Comentarios: Por favor, proporciona ejemplos específicos de actividades de investigación en las que has participado y cómo han impactado en tu formación integral:;Considero que el reglamento estudiantil y las políticas académicas del programa son pertinentes y están actualizadas.;Puntos: Considero que el reglamento estudiantil y las políticas académicas del programa son pertinentes y están actualizadas.;Comentarios: Considero que el reglamento estudiantil y las políticas académicas del programa son pertinentes y están actualizadas.;¿Tienes sugerencias para mejorar la divulgación y comprensión del reglamento estudiantil y las políticas académicas?;Puntos: ¿Tienes sugerencias para mejorar la divulgación y comprensión del reglamento estudiantil y las políticas académicas?;Comentarios: ¿Tienes sugerencias para mejorar la divulgación y comprensión del reglamento estudiantil y las políticas académicas?;Considero que los criterios para la concesión de estímulos académicos y apoyos socioeconómicos, son claros y justos.;Puntos: Considero que los criterios para la concesión de estímulos académicos y apoyos socioeconómicos, son claros y justos.;Comentarios: Considero que los criterios para la concesión de estímulos académicos y apoyos socioeconómicos, son claros y justos.;¿Qué acciones crees que la institución debería emprender para mejorar la aplicación de los estímulos académicos y apoyos socioeconómicos?;Puntos: ¿Qué acciones crees que la institución debería emprender para mejorar la aplicación de los estímulos académicos y apoyos socioeconómicos?;Comentarios: ¿Qué acciones crees que la institución debería emprender para mejorar la aplicación de los estímulos académicos y apoyos socioeconómicos?;Considero que el material académico producido por los docentes es pertinente y adecuado con las necesidades y objetivos de la Maestría en Ciencias de la Información y las Comunicaciones.;Puntos: Considero que el material académico producido por los docentes es pertinente y adecuado con las necesidades y objetivos de la Maestría en Ciencias de la Información y las Comunicaciones.;Comentarios: Considero que el material académico producido por los docentes es pertinente y adecuado con las necesidades y objetivos de la Maestría en Ciencias de la Información y las Comunicaciones.;Considero que los criterios y mecanismos utilizados para la evaluación de los profesores son transparentes, accesibles y eficaces;Puntos: Considero que los criterios y mecanismos utilizados para la evaluación de los profesores son transparentes, accesibles y eficaces;Comentarios: Considero que los criterios y mecanismos utilizados para la evaluación de los profesores son transparentes, accesibles y eficaces;Considero que las estrategias de flexibilidad curricular me han permitido personalizar mi formación de acuerdo con mis objetivos profesionales y académicos.;Puntos: Considero que las estrategias de flexibilidad curricular me han permitido personalizar mi formación de acuerdo con mis objetivos profesionales y académicos.;Comentarios: Considero que las estrategias de flexibilidad curricular me han permitido personalizar mi formación de acuerdo con mis objetivos profesionales y académicos.;¿Podrías proporcionar ejemplos específicos de cómo las rutas de formación alternativas te han beneficiado para tu desarrollo académico y profesional?;Puntos: ¿Podrías proporcionar ejemplos específicos de cómo las rutas de formación alternativas te han beneficiado para tu desarrollo académico y profesional?;Comentarios: ¿Podrías proporcionar ejemplos específicos de cómo las rutas de formación alternativas te han beneficiado para tu desarrollo académico y profesional?;"¿Cómo valorarías la efectividad de los énfasis en ""Teleinformática"" “Ingeniería de Software”, “Geomática” y ""Inteligencia Artificial"" en la formación integral de los estudiantes?";"Puntos: ¿Cómo valorarías la efectividad de los énfasis en ""Teleinformática"" “Ingeniería de Software”, “Geomática” y ""Inteligencia Artificial"" en la formación integral de los estudiantes?";"Comentarios: ¿Cómo valorarías la efectividad de los énfasis en ""Teleinformática"" “Ingeniería de Software”, “Geomática” y ""Inteligencia Artificial"" en la formación integral de los estudiantes?";Considero que las estrategias pedagógicas y escenarios de práctica utilizadas en la Maestría en Ciencias de la Información y las Comunicaciones son coherentes y efectivas para facilitar los resultados;Puntos: Considero que las estrategias pedagógicas y escenarios de práctica utilizadas en la Maestría en Ciencias de la Información y las Comunicaciones son coherentes y efectivas para facilitar los resultados;Comentarios: Considero que las estrategias pedagógicas y escenarios de práctica utilizadas en la Maestría en Ciencias de la Información y las Comunicaciones son coherentes y efectivas para facilitar los resultados;Considero que los sistemas de evaluación de los resultados de aprendizaje permiten una realimentación efectiva que contribuye a la mejora continua de la formación en los estudiantes.;Puntos: Considero que los sistemas de evaluación de los resultados de aprendizaje permiten una realimentación efectiva que contribuye a la mejora continua de la formación en los estudiantes.;Comentarios: Considero que los sistemas de evaluación de los resultados de aprendizaje permiten una realimentación efectiva que contribuye a la mejora continua de la formación en los estudiantes.;Considero que el proceso de evaluación y autorregulación de la Maestría en Ciencias de la Información y las Comunicaciones tiene en cuenta de manera efectiva las necesidades y expectativas de los estu;Puntos: Considero que el proceso de evaluación y autorregulación de la Maestría en Ciencias de la Información y las Comunicaciones tiene en cuenta de manera efectiva las necesidades y expectativas de los estu;Comentarios: Considero que el proceso de evaluación y autorregulación de la Maestría en Ciencias de la Información y las Comunicaciones tiene en cuenta de manera efectiva las necesidades y expectativas de los estu;Considero que las intervenciones y el apoyo proporcionados para alertarme de forma temprana, han sido útiles para mejorar mi rendimiento académico y facilitar mi progreso hacia la graduación.;Puntos: Considero que las intervenciones y el apoyo proporcionados para alertarme de forma temprana, han sido útiles para mejorar mi rendimiento académico y facilitar mi progreso hacia la graduación.;Comentarios: Considero que las intervenciones y el apoyo proporcionados para alertarme de forma temprana, han sido útiles para mejorar mi rendimiento académico y facilitar mi progreso hacia la graduación.;Considero que la interacción con homólogos nacionales e internacionales ha mejorado mis competencias académicas y científicas, así como las oportunidades de desarrollo profesional.;Puntos: Considero que la interacción con homólogos nacionales e internacionales ha mejorado mis competencias académicas y científicas, así como las oportunidades de desarrollo profesional.;Comentarios: Considero que la interacción con homólogos nacionales e internacionales ha mejorado mis competencias académicas y científicas, así como las oportunidades de desarrollo profesional.;¿Podrías proporcionar ejemplos específicos de proyectos, investigaciones o colaboraciones exitosas que hayan resultado de la cooperación académica y científica promovida por la Maestría en Ciencias de;Puntos: ¿Podrías proporcionar ejemplos específicos de proyectos, investigaciones o colaboraciones exitosas que hayan resultado de la cooperación académica y científica promovida por la Maestría en Ciencias de;Comentarios: ¿Podrías proporcionar ejemplos específicos de proyectos, investigaciones o colaboraciones exitosas que hayan resultado de la cooperación académica y científica promovida por la Maestría en Ciencias de;Considero que la Maestría en Ciencias de la Información y las Comunicaciones me proporciona una formación adecuada para la investigación, fomentando el desarrollo de un pensamiento crítico, creativo e;Puntos: Considero que la Maestría en Ciencias de la Información y las Comunicaciones me proporciona una formación adecuada para la investigación, fomentando el desarrollo de un pensamiento crítico, creativo e;Comentarios: Considero que la Maestría en Ciencias de la Información y las Comunicaciones me proporciona una formación adecuada para la investigación, fomentando el desarrollo de un pensamiento crítico, creativo e;¿Podrías proporcionar ejemplos específicos de proyectos o experiencias en los que hayas participado y que hayan contribuido significativamente a tu formación en investigación y desarrollo tecnológico,;Puntos: ¿Podrías proporcionar ejemplos específicos de proyectos o experiencias en los que hayas participado y que hayan contribuido significativamente a tu formación en investigación y desarrollo tecnológico,;Comentarios: ¿Podrías proporcionar ejemplos específicos de proyectos o experiencias en los que hayas participado y que hayan contribuido significativamente a tu formación en investigación y desarrollo tecnológico,;Considero que las políticas, programas y servicios de bienestar implementados en Maestría en Ciencias de la Información y las Comunicaciones son coherentes con las condiciones y necesidades específica;Puntos: Considero que las políticas, programas y servicios de bienestar implementados en Maestría en Ciencias de la Información y las Comunicaciones son coherentes con las condiciones y necesidades específica;Comentarios: Considero que las políticas, programas y servicios de bienestar implementados en Maestría en Ciencias de la Información y las Comunicaciones son coherentes con las condiciones y necesidades específica;Considero que el acompañamiento proporcionado en la Maestría en Ciencias de la Información y las Comunicaciones facilita una comunicación efectiva y una interacción constructiva entre profesores y est;Puntos: Considero que el acompañamiento proporcionado en la Maestría en Ciencias de la Información y las Comunicaciones facilita una comunicación efectiva y una interacción constructiva entre profesores y est;Comentarios: Considero que el acompañamiento proporcionado en la Maestría en Ciencias de la Información y las Comunicaciones facilita una comunicación efectiva y una interacción constructiva entre profesores y est;Considero que los espacios, recurso, herramientas y equipos de apoyo ofrecidos son pertinentes y se ajustan adecuadamente a mis necesidades formativas en los diferentes contextos que requiero.;Puntos: Considero que los espacios, recurso, herramientas y equipos de apoyo ofrecidos son pertinentes y se ajustan adecuadamente a mis necesidades formativas en los diferentes contextos que requiero.;Comentarios: Considero que los espacios, recurso, herramientas y equipos de apoyo ofrecidos son pertinentes y se ajustan adecuadamente a mis necesidades formativas en los diferentes contextos que requiero.;¿Has notado alguna mejora en las estrategias y recursos de apoyo como resultado de retroalimentaciones previas?;Puntos: ¿Has notado alguna mejora en las estrategias y recursos de apoyo como resultado de retroalimentaciones previas?;Comentarios: ¿Has notado alguna mejora en las estrategias y recursos de apoyo como resultado de retroalimentaciones previas?;Considero que el material bibliográfico y de información disponible en la Maestría en Ciencias de la Información y las Comunicaciones es pertinente y adecuado para apoyar el desarrollo de las distinta;Puntos: Considero que el material bibliográfico y de información disponible en la Maestría en Ciencias de la Información y las Comunicaciones es pertinente y adecuado para apoyar el desarrollo de las distinta;Comentarios: Considero que el material bibliográfico y de información disponible en la Maestría en Ciencias de la Información y las Comunicaciones es pertinente y adecuado para apoyar el desarrollo de las distinta;Considero que el representante estudiantil en los diferentes escenarios institucionales ha sido valorada y ha influido en las decisiones orientadas al mejoramiento de la Maestría en Ciencias de la Inf;Puntos: Considero que el representante estudiantil en los diferentes escenarios institucionales ha sido valorada y ha influido en las decisiones orientadas al mejoramiento de la Maestría en Ciencias de la Inf;Comentarios: Considero que el representante estudiantil en los diferentes escenarios institucionales ha sido valorada y ha influido en las decisiones orientadas al mejoramiento de la Maestría en Ciencias de la Inf;Creo que los procesos administrativos están orientados adecuadamente y son eficaces para apoyar el desarrollo integral de las labores formativas, académicas, docentes, científicas, culturales y de ext;Puntos: Creo que los procesos administrativos están orientados adecuadamente y son eficaces para apoyar el desarrollo integral de las labores formativas, académicas, docentes, científicas, culturales y de ext;Comentarios: Creo que los procesos administrativos están orientados adecuadamente y son eficaces para apoyar el desarrollo integral de las labores formativas, académicas, docentes, científicas, culturales y de ext;Considero que los recursos humanos (profesores, personal administrativo, etc.) disponibles en la Maestría en Ciencias de la Información y las Comunicaciones son suficientes y adecuados para atender el;Puntos: Considero que los recursos humanos (profesores, personal administrativo, etc.) disponibles en la Maestría en Ciencias de la Información y las Comunicaciones son suficientes y adecuados para atender el;Comentarios: Considero que los recursos humanos (profesores, personal administrativo, etc.) disponibles en la Maestría en Ciencias de la Información y las Comunicaciones son suficientes y adecuados para atender el;"Considero que los recursos informáticos disponibles, corresponden adecuadamente con las
necesidades tecnológicas de la Maestría en Ciencias de la Información y las Comunicaciones y de sus miembros (pr";"Puntos: Considero que los recursos informáticos disponibles, corresponden adecuadamente con las
necesidades tecnológicas de la Maestría en Ciencias de la Información y las Comunicaciones y de sus miembros (pr";"Comentarios: Considero que los recursos informáticos disponibles, corresponden adecuadamente con las
necesidades tecnológicas de la Maestría en Ciencias de la Información y las Comunicaciones y de sus miembros (pr";¿En qué sector se desempeña su trabajo actual?;Puntos: ¿En qué sector se desempeña su trabajo actual?;Comentarios: ¿En qué sector se desempeña su trabajo actual?;¿El trabajo que realiza actualmente se relaciona directamente con los conocimientos adquiridos en la maestría?;Puntos: ¿El trabajo que realiza actualmente se relaciona directamente con los conocimientos adquiridos en la maestría?;Comentarios: ¿El trabajo que realiza actualmente se relaciona directamente con los conocimientos adquiridos en la maestría?;¿Siente que la maestría te ha abierto nuevas oportunidades laborales?;Puntos: ¿Siente que la maestría te ha abierto nuevas oportunidades laborales?;Comentarios: ¿Siente que la maestría te ha abierto nuevas oportunidades laborales?;¿Podría indicar el nombre de la empresa/compañía con la que labora actualmente?;Puntos: ¿Podría indicar el nombre de la empresa/compañía con la que labora actualmente?;Comentarios: ¿Podría indicar el nombre de la empresa/compañía con la que labora actualmente?;"Como parte del proceso de autoevaluación y Acreditación de Alta Calidad, la Universidad requiere contactar a los empleadores de nuestros estudiantes. 
Por lo tanto, le solicitamos de ser posible, prop";"Puntos: Como parte del proceso de autoevaluación y Acreditación de Alta Calidad, la Universidad requiere contactar a los empleadores de nuestros estudiantes. 
Por lo tanto, le solicitamos de ser posible, prop";"Comentarios: Como parte del proceso de autoevaluación y Acreditación de Alta Calidad, la Universidad requiere contactar a los empleadores de nuestros estudiantes. 
Por lo tanto, le solicitamos de ser posible, prop"
1;03/03/2025 13:06;03/03/2025 13:10;anfpulidoc@udistrital.edu.co;ANDRES FELIPE PULIDO CASTRO;;;;Andrés\ Felipe\ Pulido\ Castro;0;;1010001829;0;;25 a 30;0;;3118210139;0;;2024;0;;Geomtatica;0;;Profundización;0;;Catastro;0;;Si;0;;es\ funcional;0;;Totalmente de acuerdo.;0;;.;0;;Totalmente de acuerdo.;0;;No;0;;Totalmente de acuerdo.;0;;Ninguna ;0;;Totalmente de acuerdo.;0;;Totalmente de acuerdo.;0;;Totalmente de acuerdo.;0;;.;0;;Muy eficiente ;0;;Totalmente de acuerdo.;0;;Totalmente de acuerdo.;0;;Totalmente de acuerdo.;0;;Totalmente de acuerdo.;0;;Totalmente de acuerdo.;0;;No;0;;Totalmente de acuerdo.;0;;No;0;;Totalmente de acuerdo.;0;;Totalmente de acuerdo.;0;;Totalmente de acuerdo.;0;;Sí.;0;;Totalmente de acuerdo.;0;;Totalmente de acuerdo.;0;;Totalmente de acuerdo.;0;;Totalmente de acuerdo.;0;;Totalmente de acuerdo.;0;;Tecnología (desarrollo de software, IA, ciberseguridad, telecomunicaciones);0;;Totalmente de acuerdo.;0;;Totalmente de acuerdo.;0;;IGAC;0;;.;0;
2;03/03/2025 13:40;03/03/2025 14:07;clalapea@udistrital.edu.co;CRISTIAN LEONARDO ALAPE AVILA ALAPE AVILA;;;;Cristian\ Leonardo\ Alape\ Avila;0;;1016060113;0;;31 a 40;0;;3194284737;0;;2025;0;;Ingeniería de Software;0;;Investigación;0;;Inteligencia artificial, ingeniería de software ;0;;No;0;;Es\ cierto\ que\ la\ mayoria\ de\ referentes\ del\ estado\ del\ arte\ de\ la\ tesis\ es\tan\ en\ ingles,\ pero\ esto\ no\ es\ \inf luyente\ en\ el\ ejercicio\ academico\ de\ impartir\ una\ clase\ ;0;;Totalmente de acuerdo.;0;;Seminarios, asistencia a ponencias y congresos en computación como por ejemplo CICOM;0;;Ni en acuerdo, ni en desacuerdo.;0;;Tener públicos los criterios y resultados de de admisión;0;; De acuerdo.;0;;Reducir la burocracia en estos tramites. ;0;; De acuerdo.;0;; De acuerdo.;0;; De acuerdo.;0;;No conozco rutas de formación alternativas ;0;;Claramente ofrecen la capacidad de especializarse en áreas de conocimiento profundas por medio de las asignaturas y el área de conocimiento a fin en la tesis;0;; De acuerdo.;0;; De acuerdo.;0;;Ni en acuerdo, ni en desacuerdo.;0;;Ni en acuerdo, ni en desacuerdo.;0;;Totalmente de acuerdo.;0;;unos docentes de planta recientemente contratados en la planta de la ud, hicieron su tesis doctoral en continuación de su tesis de maestría y de la misma forma esta ultima en continuación de su proyecto de grado en pregrado ;0;;Totalmente de acuerdo.;0;;Escribir y publicar artículos con rigor investigativo en bases de datos académicas ;0;;Ni en acuerdo, ni en desacuerdo.;0;; De acuerdo.;0;;Totalmente de acuerdo.;0;;Sí.;0;;Ni en acuerdo, ni en desacuerdo.;0;;Ni en acuerdo, ni en desacuerdo.;0;;Ni en acuerdo, ni en desacuerdo.;0;; De acuerdo.;0;;Totalmente de acuerdo.;0;;Tecnología (desarrollo de software, IA, ciberseguridad, telecomunicaciones);0;;Totalmente de acuerdo.;0;;Totalmente de acuerdo.;0;;Universidad Distrital Francisco Jose de Caldas ;0;;Alejandro Daza;0;
3;03/03/2025 17:06;03/03/2025 17:07;wfpinedar@udistrital.edu.co;WILMAR FERNANDO PINEDA ROJAS;;;;Wilmar\ Fernando\ Pineda\ Rojas;0;;1015416478;0;;31 a 40;0;;3017852790;0;;2024;0;;Ingeniería de Software;0;;Profundización;0;;Redes complejas y sistemas de radar;0;;Si;0;;Si.;0;;Totalmente de acuerdo.;0;;escritura de articulos, esto contribuye a extender el entendimiento de la ciencia en las areas del conocimiento en la cual me desempeño laboralmente.;0;; De acuerdo.;0;;de momento no.;0;;Ni en acuerdo, ni en desacuerdo.;0;;Una estrategia clara acerca de los mismos, que evite el proceso infructuoso y desgastante de los procesos para acceder a dichos estimulos que no estan debidamente reglamentados. ;0;; De acuerdo.;0;; De acuerdo.;0;; De acuerdo.;0;;Por que me permiten acceder a la formación enfocada en mis objetivos. ;0;;Estos abarcan grandes areas del conocimiento aplicable en le quehacer profesional.;0;; De acuerdo.;0;; De acuerdo.;0;; De acuerdo.;0;; De acuerdo.;0;; De acuerdo.;0;;De momento no tengo ninguno en la mente. ;0;; De acuerdo.;0;;La lectura y desarrollo de multiples articuos y proyectos enfocados en areas del conocimiento que son diversas me ha contribuido a mejorar mi forma de investigación. ;0;;Ni en acuerdo, ni en desacuerdo.;0;; De acuerdo.;0;; De acuerdo.;0;;No sabe/ No responde.;0;; De acuerdo.;0;;Ni en acuerdo, ni en desacuerdo.;0;; De acuerdo.;0;;Ni en acuerdo, ni en desacuerdo.;0;;Ni en acuerdo, ni en desacuerdo.;0;;Tecnología (desarrollo de software, IA, ciberseguridad, telecomunicaciones);0;;Totalmente de acuerdo.;0;;Ni en acuerdo, ni en desacuerdo.;0;;Imagemaker;0;;Actualmente no tengo jefe directo.;0;
4;03/03/2025 21:54;03/03/2025 21:54;lpgarciam@udistrital.edu.co;LINA PAOLA GARCIA MALAGON;;;;Lina\ Paola\ García\ Malagón;0;;1075687506;0;;25 a 30;0;;3008450551;0;;2024;0;;Geomtatica;0;;Profundización;0;;Análisis espacial - Geomática - Gestión del Riesgo;0;;Si;0;;La\ incorporación\ de\ este\ idioma\ en\ una\ asignatura\ sería\ impor\tan te\ porque\ promoveria\ la\ práctica\ de\ este\ idioma\ que\ aportaría\ a\ que\ en\ la\ vida\ academica\ y\ profesional\ se\ tenga\ mejor\ manejo\ de\ este\ como\ segundo\ idioma;0;; De acuerdo.;0;;Participe en  el Seminario en IA y Machine Learning - Posgrado Fac. Ingeniería U. Distrital y aporto bastante a mi curso de big data y al entendimiento de la inteligencia artificial y su importancia, también participe en el reto de desarrolladores el cual tuvo un nivel alto y se pudieron aplicar diversos conocimientos obtenidos a lo largo de la Maestría para brindar una solución.;0;;Totalmente de acuerdo.;0;;Tal vez enviarlos por medio como el Grupo de Whatsapp  en formatos como infografías ;0;;Totalmente de acuerdo.;0;;Me parece que la aplicación de estímulos  y apoyos socioeconómicos que maneja son adecuados y de conocimiento para todo aquel que quiera optar por realizar la MCIC;0;;Totalmente de acuerdo.;0;;Totalmente de acuerdo.;0;; De acuerdo.;0;;Opte por elegir como electiva Big data en donde vimos temas de inteligencia artifical que actualmente es un tema de ínteres en el mundo al igual que en la vida profesional esta asignatura me permitió entender de una mejor manera los conceptos que muchas veces son aplicado en mi trabajo.;0;;Adecuada y pertinente;0;;Totalmente de acuerdo.;0;;Totalmente de acuerdo.;0;; De acuerdo.;0;; De acuerdo.;0;;Ni en acuerdo, ni en desacuerdo.;0;;Tengo conocimiento que actualmente se esta manejando algunos proyectos con el IGAC, para una colaboración interinstitucional.;0;; De acuerdo.;0;;El reto de desarrolladores de Esri.;0;; De acuerdo.;0;; De acuerdo.;0;;Totalmente de acuerdo.;0;;Sí.;0;;Totalmente de acuerdo.;0;;Totalmente en desacuerdo.;0;; De acuerdo.;0;;Totalmente de acuerdo.;0;;Totalmente de acuerdo.;0;;Sector público (administración pública, gobierno);0;;Totalmente de acuerdo.;0;;Totalmente de acuerdo.;0;;Instituto Geográfico Agustín Codazzi;0;;Johan Andres Avendaño Arias - johan.avendano@igac.gov.co;0;
5;04/03/2025 6:54;04/03/2025 7:10;jgonzalezs@udistrital.edu.co;JHONATAN GONZALEZ SALGUERO;;;;JHONATAN\ GONZALEZ\ SALGUERO;0;;1024486322;0;;31 a 40;0;;3153934467;0;;2024;0;;Geomtatica;0;;Profundización;0;;Machine learning;0;;Si;0;;Al\ ser\ una\ materia\ impratida\ en\ inglés,\ se\ podría\ aprender\ mucho\ vocabulario\ técnico\ acorde\ a\ la\ carrea,\ a\lg o\ que\ no\ se\ ve\ en\ cursos\ normales\ de\ inglés;0;;Ni en acuerdo, ni en desacuerdo.;0;;Ninguna;0;; De acuerdo.;0;;Podría ser en la materia de seminario de investigación dedicarle una clase inicial a reforzar esto;0;;Ni en acuerdo, ni en desacuerdo.;0;;Una mayor divulgación de los mismos de manera frecuente;0;; De acuerdo.;0;; De acuerdo.;0;;Ni en acuerdo, ni en desacuerdo.;0;;Ninguna;0;;Muy buena;0;; De acuerdo.;0;; De acuerdo.;0;; De acuerdo.;0;; De acuerdo.;0;;Ni en acuerdo, ni en desacuerdo.;0;;No tengo ningún ejemplo;0;; De acuerdo.;0;;Conferencias sobre inteligencia artificial hechas en la universidad;0;; De acuerdo.;0;; De acuerdo.;0;;Ni en acuerdo, ni en desacuerdo.;0;;No.;0;;Ni en acuerdo, ni en desacuerdo.;0;; En desacuerdo.;0;;Ni en acuerdo, ni en desacuerdo.;0;; De acuerdo.;0;;Ni en acuerdo, ni en desacuerdo.;0;;Sector público (administración pública, gobierno);0;;Ni en acuerdo, ni en desacuerdo.;0;; En desacuerdo.;0;;UT CATASTRO MULTIPROPOSITO;0;;CARLOS ARTURO CASTELLANOS CASTILLO - 3002324325;0;
6;04/03/2025 11:55;04/03/2025 13:10;fzubietac@udistrital.edu.co;FERNANDO ZUBIETA CORTES;;;;Fernando Zubieta ;0;;1033798653;0;;25 a 30;0;;3194467960;0;;2024;0;;Geomtatica;0;;Profundización;0;;Geomática, Economía, SIG;0;;Si;0;;Ayuda a mejorar la práctica y la dialéctica del idioma;0;;Ni en acuerdo, ni en desacuerdo.;0;;No he participado en el momento ;0;;Ni en acuerdo, ni en desacuerdo.;0;;Mejorar los canales de comunicación del programa ;0;; De acuerdo.;0;;Analizar los datos sociodemográficos de los aspirantes para generar matrículas más justas y acordes con la realidad económica de la población, ésto aumentaría el nivel de cobertura en posgrado ;0;;Totalmente de acuerdo.;0;;Totalmente de acuerdo.;0;;Ni en acuerdo, ni en desacuerdo.;0;;No conozco rutas de formación alternativas del programa ;0;;Acorde con la estructura tecnológica del mercado laboral ;0;; De acuerdo.;0;;Ni en acuerdo, ni en desacuerdo.;0;;Ni en acuerdo, ni en desacuerdo.;0;; De acuerdo.;0;;Ni en acuerdo, ni en desacuerdo.;0;;No conozco éste tipo de cooperaciones ;0;;Totalmente de acuerdo.;0;;Innovación del conocimiento;0;;Ni en acuerdo, ni en desacuerdo.;0;; En desacuerdo.;0;; De acuerdo.;0;;No sabe/ No responde.;0;;Totalmente de acuerdo.;0;;Ni en acuerdo, ni en desacuerdo.;0;; En desacuerdo.;0;; De acuerdo.;0;;Ni en acuerdo, ni en desacuerdo.;0;;Tecnología (desarrollo de software, IA, ciberseguridad, telecomunicaciones);0;; De acuerdo.;0;;Ni en acuerdo, ni en desacuerdo.;0;;Simón Movilidad ;0;;No puedo dar esa información ;0;
7;04/03/2025 13:43;04/03/2025 13:59;jecaicedon@udistrital.edu.co;EDUARDO NAVARRO JOAQUIN;;;;Joaquin\ Eduardo\ Caicedo\ Navarro;0;;1024481940;0;;31 a 40;0;;3232898653;0;;2020;0;;Ingeniería de Software;0;;Investigación;0;;Calidad de potencia, Inteligencia Artificial;0;;Si;0;;Mejor\ prepararacion\ para\ trabajar\ en\ empresas\ extranjeras;0;;Totalmente de acuerdo.;0;;Preparación y publicación de artículos científicos. Me ha formado como investigador;0;;Ni en acuerdo, ni en desacuerdo.;0;;No;0;;Totalmente de acuerdo.;0;;Mayor divulgación de los posibles beneficios;0;; De acuerdo.;0;; De acuerdo.;0;;Totalmente de acuerdo.;0;;He podido participar en materias diversas, como por ejemplo, en diferentes áreas de inteligencia artificial;0;;Los énfasis son efectivos;0;; De acuerdo.;0;; De acuerdo.;0;; De acuerdo.;0;; De acuerdo.;0;;Totalmente de acuerdo.;0;;Convocatorias de la ODI para llevar a cabo participación en conferencias académicas ;0;;Totalmente de acuerdo.;0;;Desarrollo de artículos de investigación como parte de la evaluación en materias como Bases de Datos, Inteligencia Computacional, Minería de datos, etc. Proyectos integradores como en las materias Tendencias en ingeniería de software y Computación en la nube ;0;; De acuerdo.;0;; De acuerdo.;0;;Totalmente de acuerdo.;0;;No sabe/ No responde.;0;;Totalmente de acuerdo.;0;;Ni en acuerdo, ni en desacuerdo.;0;; De acuerdo.;0;;Totalmente de acuerdo.;0;; De acuerdo.;0;;Sector secundario (industria manufacturera, construcción, energía);0;;Totalmente de acuerdo.;0;;Totalmente de acuerdo.;0;;Empresa de Energía de San Andrés;0;;Wilmar Moreno (Supervisor de contrato). Email: consultenergy2021@gmail.com;0;
8;05/03/2025 10:45;05/03/2025 11:05;juamgarzong@udistrital.edu.co;JUAN MANUEL GARZON GIL;;;;Juan\ Manuel\ Garzón\ Gil;0;;1014263322;0;;25 a 30;0;;3138717415;0;;2025;0;;Geomtatica;0;;Profundización;0;;Calidad del aire, imágenes satelitales, vegetación urbana, ordenamiento territorial;0;;No;0;;Abre\ as\ purts\ a\ un\ comercio\ internacional,\ también\ mejora\ el\ acceso\ a\ ayor\ \inf ormación\ ya\ que\ la\ comundad\ y\ los\ recursos\ es\tan\ en\ ese\ idioma;0;; De acuerdo.;0;;Trabaje en mi proyecto de grado en la modalidad de investigación e innovación, esta fue patrocinada por minciencias, me ayudo en procesos de redacción, manejo de datos, sustentación de hallazgos, adquisición de conocimiento en un área especifica. ;0;; De acuerdo.;0;;No;0;;Ni en acuerdo, ni en desacuerdo.;0;;Mejorar la divulgación y que los tiempos para aplicar sean coherentes con dicha divulgación;0;; De acuerdo.;0;; De acuerdo.;0;;Ni en acuerdo, ni en desacuerdo.;0;;No tengo mayor conocimiento sobre este tema;0;;Considero que son adecuados.;0;; De acuerdo.;0;;Totalmente de acuerdo.;0;; De acuerdo.;0;; De acuerdo.;0;;Ni en acuerdo, ni en desacuerdo.;0;;Al momento no;0;;Totalmente de acuerdo.;0;;Hasta el momento solo en clases, donde la forma de exponer los temas e interactuar con los estudiantes, fomenta un pensamiento diferente sobre los temas que se ven y permiten el pensar variables para los métodos expuestos;0;;Ni en acuerdo, ni en desacuerdo.;0;; De acuerdo.;0;; En desacuerdo.;0;;No sabe/ No responde.;0;; De acuerdo.;0;;Ni en acuerdo, ni en desacuerdo.;0;; De acuerdo.;0;; De acuerdo.;0;; De acuerdo.;0;;Tecnología (desarrollo de software, IA, ciberseguridad, telecomunicaciones);0;; De acuerdo.;0;;Ni en acuerdo, ni en desacuerdo.;0;;ETB;0;;No me es posible;0;
9;05/03/2025 18:21;05/03/2025 18:30;sforeroz@udistrital.edu.co;SEBASTIAN FORERO ZAPATA;;;;SEBASTIAN FORERO ZAPATA;0;;1000514921;0;;25 a 30;0;;3194970523;0;;2024;0;;Geomtatica;0;;Investigación;0;;INTELIGENCIA ARTIFICIAL ;0;;Si;0;;MEJORAR IDIOMA Y ACCEDER A MEJORES OPORTUNIDADES;0;; De acuerdo.;0;;CHARLAS, HACKATONES, WEBINAR. AYUDAN A MEJORAR HABILIDADES TEORICAS Y TECNICAS;0;; De acuerdo.;0;;NO;0;; De acuerdo.;0;;INCENTIVO PERMANENCIA O APOYO;0;; De acuerdo.;0;; De acuerdo.;0;; De acuerdo.;0;;DANDO MAS OPCIONES DE MEJORA ACADEMICA;0;;DE ACUERDO CON LAS NECESIDADES DEL MERCADO ACTUALMENTE;0;; De acuerdo.;0;; De acuerdo.;0;; De acuerdo.;0;; De acuerdo.;0;; De acuerdo.;0;;NINGUNA;0;; De acuerdo.;0;;PARTICIPACION EN TALLERES CHARLAS;0;; De acuerdo.;0;; De acuerdo.;0;; De acuerdo.;0;;Sí.;0;; De acuerdo.;0;; De acuerdo.;0;; De acuerdo.;0;; De acuerdo.;0;; De acuerdo.;0;;Tecnología (desarrollo de software, IA, ciberseguridad, telecomunicaciones);0;; De acuerdo.;0;;Ni en acuerdo, ni en desacuerdo.;0;;ESRI COLOMBIA;0;;DEIRO GONZALEZ;0;
10;05/03/2025 18:22;05/03/2025 18:38;jeahernandezn@udistrital.edu.co;ANDRES NAVARRETE JEISSON;;;;JEISSON\ ANDRES\ HERNANDEZ\ NAVARRETE;0;;1014298952;0;;25 a 30;0;;3209190949;0;;2024;0;;Geomtatica;0;;Investigación;0;;Procesamiento digital de imágenes, análisis espacial, series de tiempo;0;;Si;0;;Una\ asignatura\ en\ inglés\ puede\ ayudar\ a\ reforzar\ la\ comprensión\ y\ producción\ de\ conocimiento\ científico\ y\ preparar\ para\ posibles\ estudios\ posteriores.;0;;Totalmente de acuerdo.;0;;El desarrollo del proyecto de grado como actividad transversal al desarrollo de la maestría permite tomar los temas impartidos en las asignaturas desde un punto de vista mas crítico y enriquecedor por el lado de la investigación propia;0;;Totalmente de acuerdo.;0;;No;0;;Totalmente de acuerdo.;0;;NA;0;;Totalmente de acuerdo.;0;;Totalmente de acuerdo.;0;;Totalmente de acuerdo.;0;;La posibilidad de tomar asignaturas electivas de otro énfasis permite ampliar el horizonte de conocimientos e intentar aplicar metodologías diferentes para el análisis de información laboral y académica;0;;Desde el énfasis de geomática se obtienen conocimientos que aplican para el desarrollo de proyectos por fuera del contexto académico;0;; De acuerdo.;0;; De acuerdo.;0;;Ni en acuerdo, ni en desacuerdo.;0;;Totalmente de acuerdo.;0;; De acuerdo.;0;;La participación en el reto de desarrolladores de ESRI;0;; De acuerdo.;0;;El desarrollo del proyecto de grado de la maestría;0;;Ni en acuerdo, ni en desacuerdo.;0;; De acuerdo.;0;;Ni en acuerdo, ni en desacuerdo.;0;;Sí.;0;; De acuerdo.;0;; En desacuerdo.;0;;Totalmente de acuerdo.;0;;Totalmente de acuerdo.;0;; De acuerdo.;0;;Sector terciario (comercio, servicios: educación, salud, finanzas, etc.);0;; De acuerdo.;0;;Ni en acuerdo, ni en desacuerdo.;0;;GEOS SAS;0;;NA;0;
11;05/03/2025 18:24;05/03/2025 18:38;cisancheza@udistrital.edu.co;CARLOS IVAN SANCHEZ ARIZA;;;;Carlos Ivan Sanchez Ariza ;0;;1022377565;0;;31 a 40;0;;3013997773;0;;2024;0;;Geomtatica;0;;Profundización;0;;Geomatica;0;;No;0;;Familiarizacion con el idioma ;0;;Ni en acuerdo, ni en desacuerdo.;0;;En impacto ambiental;0;;Ni en acuerdo, ni en desacuerdo.;0;;Ninguna;0;; De acuerdo.;0;;Ninguna;0;;Ni en acuerdo, ni en desacuerdo.;0;;Ni en acuerdo, ni en desacuerdo.;0;;Ni en acuerdo, ni en desacuerdo.;0;;No se entiende la pregunta ;0;;Acertada;0;; En desacuerdo.;0;;Ni en acuerdo, ni en desacuerdo.;0;; En desacuerdo.;0;; De acuerdo.;0;;Ni en acuerdo, ni en desacuerdo.;0;;modelo dinámico para analizar los factores ambientales y antropogenicos en el páramo de chingaza ;0;; De acuerdo.;0;;En mi proyecto de grado: modelo dinámico para analizar los factores ambientales y antropogenicos en el páramo de chingaza ;0;; En desacuerdo.;0;;Ni en acuerdo, ni en desacuerdo.;0;; En desacuerdo.;0;;No sabe/ No responde.;0;; De acuerdo.;0;;Ni en acuerdo, ni en desacuerdo.;0;; De acuerdo.;0;;Ni en acuerdo, ni en desacuerdo.;0;;Ni en acuerdo, ni en desacuerdo.;0;;Otro;0;;Ni en acuerdo, ni en desacuerdo.;0;;Ni en acuerdo, ni en desacuerdo.;0;;IGAC;0;;Recién entré entonces no tengo contacto con la persona encargada ;0;
12;05/03/2025 18:23;05/03/2025 18:41;rvcastroa@udistrital.edu.co;RUSBY VANESSA CASTRO ALFEREZ;;;;Rusby\ Vanessa\ Castro\ Alferez;0;;1030683963;0;;25 a 30;0;;3196297112;0;;2024;0;;Geomtatica;0;;Profundización;0;;estadística, econometría ;0;;Si;0;;podria\ afianzar\ mis\ conocimientos\ en\ el\ idioma;0;;Totalmente de acuerdo.;0;;La realización de artículos de investigación en cada una de las asignaturas de la maestría con el fin de reforzar y crear conocimientos en el estudiante.;0;; De acuerdo.;0;;teniendo un canal de difusión actualizado;0;; En desacuerdo.;0;;No poner un limite en las notas de los estudiantes ya que muchos no cuentan con los recursos y tienen que desertar la carrera por ello;0;; De acuerdo.;0;; De acuerdo.;0;;Totalmente en desacuerdo.;0;;Quizás faltan oferta de espacios académicos de acuerdo a los énfasis de cada estudiante.;0;;Ayuda a enfocar al estudiante en un área de interés, sin embargo es bueno que se oferten mas electivas de acuerdo al énfasis escogido ;0;;Ni en acuerdo, ni en desacuerdo.;0;; De acuerdo.;0;; De acuerdo.;0;; De acuerdo.;0;;Ni en acuerdo, ni en desacuerdo.;0;;No he evidenciado estos ejemplos;0;; De acuerdo.;0;;La realización de papers y artículos científicos en cada una de las asignaturas;0;; De acuerdo.;0;; De acuerdo.;0;;Ni en acuerdo, ni en desacuerdo.;0;;Sí.;0;;Totalmente de acuerdo.;0;;Ni en acuerdo, ni en desacuerdo.;0;; De acuerdo.;0;; En desacuerdo.;0;; De acuerdo.;0;;Otro;0;; De acuerdo.;0;; En desacuerdo.;0;;No cuento con empleo actualmente;0;;No cuento con empleo actualmente;0;
13;05/03/2025 18:22;05/03/2025 18:45;knnuneza@udistrital.edu.co;KAREN NATHALIA NUNEZ AYURE;;;;Karen\ Nathalia\ Nuñez\ Ayure;0;;1007727225;0;;25 a 30;0;;3106296984;0;;2024;0;;Geomtatica;0;;Profundización;0;;Análisis de imágenes satelitales;0;;Si;0;;Ayudaria\ a\ mejorar\ mi\ comprensión\ del\ ididoma,\ y\ complementaria\ mis\ conocimientos\ espécificpos\ en\ ingles;0;; De acuerdo.;0;;Generación de artículos investigativos en cada una de las asignaturas como producto del conocimiento adquirido, relacionados con el trabajo de grado propuesto al inicial de la maestría.;0;; De acuerdo.;0;;Mantener actualizado los reglamentos en la pagina web de la maestria.;0;; De acuerdo.;0;;En la pagina web de la maestría seria muy bueno que se especificaran todos los estímulos académicos y apoyos socioeconómicos.;0;; De acuerdo.;0;; De acuerdo.;0;; En desacuerdo.;0;;Considero que para el énfasis de geomática es limitada las oferta de electivas relacionadas, y limitan la posibilidad de profundizar el conocimiento en este énfasis. ;0;;Las asignaturas obligatorias de cada énfasis son pertinentes, sin embargo es limitada la oferta de electivas del énfasis de geomatica.;0;; De acuerdo.;0;; De acuerdo.;0;;Ni en acuerdo, ni en desacuerdo.;0;; De acuerdo.;0;;Ni en acuerdo, ni en desacuerdo.;0;;No estoy al tanto de proyectos específicos que resulten de la cooperación académica. ;0;; De acuerdo.;0;;Durante la maestría el proyecto de investigación ha sido fundamental en mi desarrollo a nivel investigativo, ya que en varias asignaturas a sido el eje central para la formulación de artículos. ;0;; De acuerdo.;0;; De acuerdo.;0;;Totalmente de acuerdo.;0;;Sí.;0;;Totalmente de acuerdo.;0;;Ni en acuerdo, ni en desacuerdo.;0;; De acuerdo.;0;; De acuerdo.;0;; De acuerdo.;0;;Sector público (administración pública, gobierno);0;;Totalmente de acuerdo.;0;;Ni en acuerdo, ni en desacuerdo.;0;;Departamento Administrativo Nacional de Estadísticas. ;0;;Debo preguntar si puedo suministrar la información.;0;
14;05/03/2025 18:37;05/03/2025 18:45;xanoboac@udistrital.edu.co;XAVIER ALBERTO NOBOA CALDERON;;;;XAVIER\ ALBERTO\ NOBOA;0;;93377853;0;;51 o más;0;;3168504783;0;;2021;0;;Ingeniería de Software;0;;Profundización;0;;Bases de Datos, Ingeniería de Datos, Ingeniería de Software;0;;Si;0;;ES\ UNA\ BUENA\ OPCIÓN;0;;Ni en acuerdo, ni en desacuerdo.;0;;N/A;0;; De acuerdo.;0;;N/A;0;; De acuerdo.;0;;N/A;0;; De acuerdo.;0;; De acuerdo.;0;; De acuerdo.;0;;N/A;0;;En Ingeniería de Software hace más materias de profundización como son Pruebas;0;; De acuerdo.;0;; De acuerdo.;0;;Ni en acuerdo, ni en desacuerdo.;0;;Ni en acuerdo, ni en desacuerdo.;0;;Ni en acuerdo, ni en desacuerdo.;0;;N/A;0;; De acuerdo.;0;;N/A;0;;Ni en acuerdo, ni en desacuerdo.;0;; De acuerdo.;0;; De acuerdo.;0;;No sabe/ No responde.;0;;Ni en acuerdo, ni en desacuerdo.;0;;Ni en acuerdo, ni en desacuerdo.;0;; De acuerdo.;0;; En desacuerdo.;0;; De acuerdo.;0;;Tecnología (desarrollo de software, IA, ciberseguridad, telecomunicaciones);0;; De acuerdo.;0;;Ni en acuerdo, ni en desacuerdo.;0;;GRUPO KERALTY;0;;N/A;0;
15;05/03/2025 18:22;05/03/2025 18:46;bsoviedoy@udistrital.edu.co;BRAYAN STIVEN OVIEDO YATE;;;;Brayan\ Stiven\ Oviedo\ Yate;0;;1233492968;0;;25 a 30;0;;3228452205;0;;2024;0;;Geomtatica;0;;Investigación;0;;Procesamiento de Lenguaje Natural, Inteligencia Artificial, Sistemas de Información Geográfica;0;;Si;0;;Mantener la practica constante del ingles conversacional y profesional es una  gran ventaja a la hora de presentar examenes internacionales con enfasis profesional como el IETLS,por tanto, eso puede ayudar bastante a reforzar esos terminos tecnicos que, de otra manera, no podrian ser adquiridos en un entorno de aprendizaje de otro tipo. Tener la posibilidad de hablar un ingles tecnico constantemente fortaleceria esas competencias y proyectaria la maestria en terminos de internacionalizacion;0;;Totalmente de acuerdo.;0;;Junto con el grupo de investigacion NIDE se han realizado acercamientos a otros grupos de investigacion de colombia, asi como ha entidades para facilitar ciertos procesos investigativos puntuales como el procesamiento de datos en la realizacion de mi tesis de maestria. En ese sentido, considero  que el trabajo realizado de la mano de la linea de investigacion ha contribuido en general a entender problematicas desde distintas opticas y aumentar el trabajo interdisciplinar. De otra parte, se ha realizado la presentacion de una parte de mi tesis de maestria en un congreso internacional, y el apoyo de la investigacion de la UD fue fundamental para conocer mas puntos de vista, conocer investigaciones extranjeras y tener feedback de otras partes del mundo, asi como el enriquecimiento cultural de compartir con otras culturas.;0;;Totalmente de acuerdo.;0;;El uso de los flyers ha hecho que ciertos procesos sean mas claros, pero creo que se podria fortalecer la parte grafica para explicar tramites especificos que se complejizan: ejemplo: solicitar un apoyo para internacionalizacion,  pasos y fechas para graduacion;0;;Totalmente de acuerdo.;0;;Seria bueno tener apoyos al merito academico en posgrado. En mi caso particular, soy externo a la UD en pregrado, por tanto, no tengo ningun apoyo economico (aparte del electoral), que pueda ayudarme en la consecucion de la maestria. Si bien entiendo que es justo, si considero que el excelente rendimiento academico podria premiarse en posgrado, exclusivamente dependiendo de esto, con algun estimulo de porcentaje de descuento. De otra parte,  la posibilidad de apoyar desde posgrado con actividades investigativas o docentes (como pasa en otras universidades como la universidad nacional), podria ayudar tanto a los estudiantes de posgrado,  como al mejoramiento en investigacion y docencia de la universidad en general.;0;; De acuerdo.;0;;Totalmente de acuerdo.;0;;Ni en acuerdo, ni en desacuerdo.;0;;Es flexible en terminos de oferta, por lo cual se pueden elegir varias opciones para fomentra distintas areas del  perfil profesional;0;;Son actuales, y son pertinentes dentro de las necesidades investigativas de Colombia, asi como las necesidades de mi formacion particular.;0;; De acuerdo.;0;; De acuerdo.;0;; De acuerdo.;0;; De acuerdo.;0;;Totalmente de acuerdo.;0;;Realice una presentacion de ponencia en Alemania el semestre pasado apoyado por el grupo NIDE y la universidad, asi como el desarrollo de mi tesis que se ha realizado en conjunto con una entidad del sector cultura (Instituto caro y cuervo);0;; De acuerdo.;0;;El desarrollo del proyecto de grado han hecho que haya profundizado en areas que no conocia, asi como algunas materias que me han despertado enfoques investigativos y tecnologicos que podrian ser aplicados en mi area de estudio;0;; En desacuerdo.;0;; De acuerdo.;0;;Totalmente de acuerdo.;0;;No sabe/ No responde.;0;;Totalmente de acuerdo.;0;; De acuerdo.;0;; De acuerdo.;0;;Totalmente de acuerdo.;0;;Totalmente de acuerdo.;0;;Sector público (administración pública, gobierno);0;;Totalmente de acuerdo.;0;;Totalmente de acuerdo.;0;;Instituto Caro y cuervo;0;;Johnatan Bonilla - johnatan.bonilla@caroycuervo.gov.co;0;
16;05/03/2025 18:28;05/03/2025 18:48;dkpulidov@udistrital.edu.co;DEYSA KATHERINE PULIDO VALENZUELA;;;;deysa\ katherine\ pulido\ valenzuela;0;;1020814693;0;;25 a 30;0;;3012534405;0;;2024;0;;Geomtatica;0;;Profundización;0;;geomatica;0;;Si;0;;ayudaría\ a\ la\ comprensión\ de\ los\ temas;0;;Totalmente de acuerdo.;0;;Proyecto Fit For Porpused;0;;Totalmente de acuerdo.;0;;sería oportuno empezar a hablar temas de relevancia correspondientes al reglamento estudiantil y las políticas académicas en el grupo de whatsapp.;0;;Totalmente de acuerdo.;0;;Pienso que los estimulos actuales son positivos para la permanencia de la maestría.;0;;Totalmente de acuerdo.;0;;Totalmente de acuerdo.;0;;Totalmente de acuerdo.;0;;las asignaturas correspondientes a servicios web, analisis espacial, bases de datos espaciales han servido a ejercer mucho mejor mi trabajo dentro de la entidad;0;;El plan de estudios áctual para el énfasis de Geomática debería añadir temas de inteligencia artificial dentro del contenido, ya que es un tema relevante en la actualidad.;0;;Totalmente de acuerdo.;0;;Totalmente de acuerdo.;0;;Totalmente de acuerdo.;0;;Totalmente de acuerdo.;0;;Ni en acuerdo, ni en desacuerdo.;0;;el proyecto de Fit For Porpused fue un proyecto de colaboración internacional donde una estudiante de la Maestría realizó una tesis referente a su adopción en Colombia.;0;; De acuerdo.;0;;el proyecto de Fit For Porpused fue un proyecto de colaboración internacional donde una estudiante de la Maestría realizó una tesis referente a su adopción en Colombia.;0;;Ni en acuerdo, ni en desacuerdo.;0;;Ni en acuerdo, ni en desacuerdo.;0;;Ni en acuerdo, ni en desacuerdo.;0;;Sí.;0;; De acuerdo.;0;;Ni en acuerdo, ni en desacuerdo.;0;;Ni en acuerdo, ni en desacuerdo.;0;;Ni en acuerdo, ni en desacuerdo.;0;;Totalmente de acuerdo.;0;;Tecnología (desarrollo de software, IA, ciberseguridad, telecomunicaciones);0;;Totalmente de acuerdo.;0;; De acuerdo.;0;;Departamento Administrativo de La Defensoría Del Espacio Público;0;;no puedo proporcionar actualmente esa información;0;
17;05/03/2025 18:32;05/03/2025 18:48;esguevarav@udistrital.edu.co;Edwin Steven Guevara Valencia;;;;Edwin\ Guevara;0;;1018489941;0;;25 a 30;0;;3142873963;0;;2024;0;;Ingeniería de Software;0;;Investigación;0;;Redes Neuronales, Inteligencia Computacional;0;;Si;0;;La\ \inf ormacion\ mas\ reciente\ en\ la\ gran\ mayoria\ de\ campos\ de\ investigacion\ se\ encuentra\ en\ ingles,\ ademas\ de\ mejorar\ una\ habilida\ de\ lenguaje\ que\ puede\ impactar\ no\ solo\ la\ academia\ si\ no\ el\ ambito\ laboral;0;;Ni en acuerdo, ni en desacuerdo.;0;;N/A;0;;Ni en acuerdo, ni en desacuerdo.;0;;Divulgacion via email y momentos de socializacion al inicio del semestre;0;;Ni en acuerdo, ni en desacuerdo.;0;;mas divulgacion, creo que hay desconocimiento en los procesos y los sitios web no suelen estar actualizados en muchos escenarios;0;;Totalmente de acuerdo.;0;; De acuerdo.;0;;Totalmente de acuerdo.;0;;N/A;0;;Creo que la efectividad es alta, pero me gustaria que estuvieran mas cohesionadas las materias siendo impartidas, o que fuese mas flexible la disposicion de los espacios;0;;Totalmente de acuerdo.;0;; De acuerdo.;0;; De acuerdo.;0;;Totalmente de acuerdo.;0;;Ni en acuerdo, ni en desacuerdo.;0;;N/A;0;; De acuerdo.;0;;Los proyectos de curso fomentan el uso de pensamiento critico para establecer estrategias de solucion;0;;Ni en acuerdo, ni en desacuerdo.;0;; De acuerdo.;0;; De acuerdo.;0;;No sabe/ No responde.;0;; De acuerdo.;0;; De acuerdo.;0;; De acuerdo.;0;; De acuerdo.;0;;Totalmente de acuerdo.;0;;Tecnología (desarrollo de software, IA, ciberseguridad, telecomunicaciones);0;;Totalmente de acuerdo.;0;; De acuerdo.;0;;Trajectory inc;0;;N/A;0;
18;05/03/2025 18:29;05/03/2025 18:52;cygalindoc@udistrital.edu.co;CHRISTIAN YESID GALINDO CANO;;;;Christian Yesid Galindo Cano;0;;1000857931;0;;25 a 30;0;;3124440418;0;;2024;0;;Ingeniería de Software;0;;Profundización;0;;Modelos 3D del territorio y Estadística Espacio-Temporal;0;;No;0;;Como desarrollador, las mejores oportunidades laborales requieren un nivel de inglés alto, por lo que serviría como práctica previa al mundo laboral;0;; De acuerdo.;0;;Participación en el congreso LoHacemosxTIC como ponente, me ha ayudó a mejorar mis habilidades blandas al exponer un artículo científico frente a un público interesado en el tema;0;;Totalmente de acuerdo.;0;;Ninguna;0;;Totalmente de acuerdo.;0;;Las acciones actuales me parecen pertinentes;0;; De acuerdo.;0;; De acuerdo.;0;;Ni en acuerdo, ni en desacuerdo.;0;;Los horarios de estudio en la noche me han permitido continuar laborando sin ningún inconveniente;0;;Los énfasis en Teleinformática, Ingeniería de Software, Geomática e Inteligencia Artificial son efectivos porque, al trabajar en conjunto, permiten a los estudiantes desarrollar soluciones tecnológicas completas: desde la conectividad y el análisis de datos geoespaciales hasta la creación de software y la implementación de inteligencia artificial, abordando de manera integral los desafíos del mundo digital y tecnológico actual.;0;; De acuerdo.;0;; De acuerdo.;0;;Ni en acuerdo, ni en desacuerdo.;0;; De acuerdo.;0;;Ni en acuerdo, ni en desacuerdo.;0;;No tengo conocimiento;0;; De acuerdo.;0;;Durante el desarrollo de mi tesis he tenido la oportunidad de formarme en tecnologías relacionadas con los sistemas de información geográfica;0;; De acuerdo.;0;; De acuerdo.;0;; De acuerdo.;0;;No sabe/ No responde.;0;; De acuerdo.;0;; De acuerdo.;0;; De acuerdo.;0;; De acuerdo.;0;; De acuerdo.;0;;Tecnología (desarrollo de software, IA, ciberseguridad, telecomunicaciones);0;;Ni en acuerdo, ni en desacuerdo.;0;;Ni en acuerdo, ni en desacuerdo.;0;;Esri Colombia;0;;Andrés López - 3043041327 ;0;
19;05/03/2025 18:42;05/03/2025 18:57;bfortizc@udistrital.edu.co;BRAYAN FERNANDO ORTIZ CAICEDO;;;;Brayan\ Fernando\ Ortiz\ Caicedo;0;;1012432946;0;;25 a 30;0;;3506091180;0;;2024;0;;Ingeniería de Software;0;;Profundización;0;;Desarrollo de Software, rehabilitacion;0;;No;0;;Creo\ que\ el\ conocimiento\ se\ arraiga\ mejor\ en\ mi\ lengua\ natal.;0;; De acuerdo.;0;;Congresos tecnologicos, en mi trabajo y escuchando las investigaciones de mis compañeros;0;;Totalmente en desacuerdo.;0;;Para mejorar la divulgación no.;0;; En desacuerdo.;0;;No se deberia perder el descuento de egresado, por tener una nota inferior a 4 en alguna asignatura.;0;; De acuerdo.;0;; De acuerdo.;0;; De acuerdo.;0;;algunas clases de manera virtual me parece una flexibilidad adecuada para algunas asignaturas.;0;;Creo que es muy buena.;0;; De acuerdo.;0;; De acuerdo.;0;; De acuerdo.;0;; De acuerdo.;0;;Ni en acuerdo, ni en desacuerdo.;0;;No;0;; De acuerdo.;0;;Las materias que se enfocan en el desarrollo de mi proyecto de grado;0;;Ni en acuerdo, ni en desacuerdo.;0;; De acuerdo.;0;; De acuerdo.;0;;No.;0;; De acuerdo.;0;;Ni en acuerdo, ni en desacuerdo.;0;; De acuerdo.;0;; De acuerdo.;0;; De acuerdo.;0;;Tecnología (desarrollo de software, IA, ciberseguridad, telecomunicaciones);0;; De acuerdo.;0;;Ni en acuerdo, ni en desacuerdo.;0;;Aeronautica Civil de Colombia;0;;3209468983 Diego Giraldo Coordinador de Grupo Direccion de Telecomunicaciones;0;
20;05/03/2025 18:44;05/03/2025 19:17;hjortizm@udistrital.edu.co;JOAN MONCADA HAESSLER;;;;Haessler\ Joan\ Ortiz\ Moncada;0;;1030661057;0;;25 a 30;0;;3224302659;0;;2024;0;;Ingeniería de Software;0;;Profundización;0;;Deep Learning aplicado al analisis de imágenes;0;;Si;0;;En la facilidad para estudiar en el exterior o laborar en empresas del exterior.;0;;Totalmente de acuerdo.;0;;Econometria espacial aplicada al analisis del valor del terreno: Me permitió un acercamiento con la forma en que se debe adelantar una investigación, especialmente en la rigurosidad requerida.;0;; De acuerdo.;0;;NO;0;; De acuerdo.;0;;No creo que sea el área en que deba mejorar, tal vez podrían mejorar en la cooperación interinstitucional con otras entidades.;0;; De acuerdo.;0;; De acuerdo.;0;;Ni en acuerdo, ni en desacuerdo.;0;;"No estoy enterado del concepto ""Rutas de formación alternativa""";0;;No considero necesario dividir los énfasis, creo que deberían haber núcleos comunes y el estudiante debería elegir las materias que le permitirían llevar a cabo si proyecto.;0;;Ni en acuerdo, ni en desacuerdo.;0;;Totalmente de acuerdo.;0;;Ni en acuerdo, ni en desacuerdo.;0;; De acuerdo.;0;;Ni en acuerdo, ni en desacuerdo.;0;;No;0;; De acuerdo.;0;;Mi proyecto de grado en el programa de Ingeniería Catastral y Geodesia. El título fue: 'Analisis del valor de terreno en el marco de la construcción de la Avenida 9 entre calles 127 y 153 mediante la GWR.;0;;Ni en acuerdo, ni en desacuerdo.;0;; De acuerdo.;0;; De acuerdo.;0;;No.;0;; De acuerdo.;0;;Ni en acuerdo, ni en desacuerdo.;0;; De acuerdo.;0;; De acuerdo.;0;; De acuerdo.;0;;Sector público (administración pública, gobierno);0;;Totalmente de acuerdo.;0;;Ni en acuerdo, ni en desacuerdo.;0;;INVIAS;0;;Wilmer Ballena 3002154127;0;
21;06/03/2025 10:37;06/03/2025 10:56;jpmoralesr@udistrital.edu.co;JUAN PABLO MORALES RIVERA;;;;Juan Pablo Morales;0;;1019010283;0;;31 a 40;0;;3245897006;0;;2016;0;;Teleinformatica;0;;Profundización;0;;Ciberseguridad industrial, protocolos de comunicación industrial, arquitectura de sistemas de control y protecciones electrónicas.;0;;Si;0;;Adquirir conocimientos y vocabulario técnico en otro idioma ;0;;Totalmente de acuerdo.;0;;Mejora de la seguridad de los sistemas eléctricos en los que he trabajado ;0;; De acuerdo.;0;;No;0;;Ni en acuerdo, ni en desacuerdo.;0;;No conozco las acciones que se realizan ;0;;Totalmente de acuerdo.;0;;Totalmente de acuerdo.;0;;Totalmente de acuerdo.;0;;El análisis de datos, ;0;;En las publicaciones academias y científicas, en la trayectoria profesional ;0;;Totalmente de acuerdo.;0;;Totalmente de acuerdo.;0;; De acuerdo.;0;;Ni en acuerdo, ni en desacuerdo.;0;;Ni en acuerdo, ni en desacuerdo.;0;;No;0;;Totalmente de acuerdo.;0;;No;0;; De acuerdo.;0;; De acuerdo.;0;; De acuerdo.;0;;Sí.;0;;Totalmente de acuerdo.;0;;Ni en acuerdo, ni en desacuerdo.;0;; De acuerdo.;0;; De acuerdo.;0;; De acuerdo.;0;;Sector secundario (industria manufacturera, construcción, energía);0;;Totalmente de acuerdo.;0;;Totalmente de acuerdo.;0;;Isa;0;;Nelson Mesa njmesa@ISA.com.co;0;
22;06/03/2025 12:56;06/03/2025 13:26;sdlopezp@udistrital.edu.co;SERGIO DANIEL LOPEZ PINZON;;;;Sergio Daniel López Pinzón;0;;1015440935;0;;31 a 40;0;;3183055090;0;;2020;0;;Geomtatica;0;;Investigación;0;;LiDAR, redes neuronales artificiales, Gestión de Activos Infraestructura Vial. ;0;;Si;0;;"Afianzaría mi habilidad para el inglés, que es el idioma ""natural"" de la ciencia y la investigación. ";0;;Totalmente de acuerdo.;0;;Escritura de documentos científicos como tesis y artículos para revistas especializadas. La escritura clara y ordenada (científica) es una actividad primordial en la construcción de sociedades modernas: permite transmitir ideas complejas de forma estructurada y comprensible para la consiguiente implementación de las mismas a diferentes escalas. Haber practicado esta habilidad en la maestría, ha impactado en mi formación integral, permitiéndome utilizarla con suficiencia en mi vida profesional.;0;; De acuerdo.;0;;Ninguna ;0;; De acuerdo.;0;;Divulgación en las redes sociales del programa, principalmente WhatsApp. ;0;; De acuerdo.;0;; De acuerdo.;0;; De acuerdo.;0;;No comprendo qué son las rutas de formación alternativas;0;;Me parecen énfasis pertinentes. Considero que son las disciplinas más importantes de las Ciencias de la Información y las Comunicaciones. ;0;; De acuerdo.;0;; De acuerdo.;0;; De acuerdo.;0;; De acuerdo.;0;;Ni en acuerdo, ni en desacuerdo.;0;;No tengo ejemplos;0;; De acuerdo.;0;;Proyecto de Desarrollo de un Sistema de Mapeo Móvil para la Gestión de Infraestructura Vial. Grupo de investigación en infraestructura sostenible de la facultad de Medio Ambiente de la UDFJC.;0;; De acuerdo.;0;; De acuerdo.;0;; De acuerdo.;0;;No sabe/ No responde.;0;; De acuerdo.;0;;Ni en acuerdo, ni en desacuerdo.;0;; De acuerdo.;0;; De acuerdo.;0;; De acuerdo.;0;;Sector público (administración pública, gobierno);0;;Ni en acuerdo, ni en desacuerdo.;0;;Ni en acuerdo, ni en desacuerdo.;0;;Instituto Geográfico Agustín Codazzi;0;;No es posible. ;0;
23;07/03/2025 18:06;07/03/2025 18:18;dizabalad@udistrital.edu.co;DANIELA IVON ZABALA DONATO;;;;Daniela\ Ivon\ Zabala\ Donato;0;;1007295662;0;;51 o más;0;;3209787718;0;;2025;0;;Geomtatica;0;;Profundización;0;;Geodesia;0;;Si;0;;Creo\ que\ podria\ resultar\ un\ reto\ interesante\ abordar\ tematicas\ de\ mi\ area\ de\ conocimiento.\ Me\ impulsaria\ a\ mejorar\ tambien\ la\ practica\ del\ idioma.;0;;Totalmente de acuerdo.;0;;He participado en proyectos de investigación en Geodesia, por el sitio en el que trabajo.;0;; De acuerdo.;0;;Se tiene una divulgación correcta y clara de la normativa. Además el apoyo desde la coordinación es el pertinente.;0;;Totalmente de acuerdo.;0;;A nivel de la institución se podría dar mas divulgación a estudiantes de pregrado.;0;;Totalmente de acuerdo.;0;;Totalmente de acuerdo.;0;;Totalmente de acuerdo.;0;;Los horarios y la carga académica hasta el momento es la adecuada.;0;;Se tiene una amplia oferta de acuerdo a las áreas de conocimiento de las carreras que se brindan desde la facultad de ingeniería.;0;; De acuerdo.;0;;Totalmente de acuerdo.;0;;Totalmente de acuerdo.;0;;Totalmente de acuerdo.;0;; De acuerdo.;0;;No tengo conocimiento.;0;;Totalmente de acuerdo.;0;;El desarrollo del proyecto al interior del grupo de investigacion de la universidad, ha impulsado el interes sobre el area de conocimiento.;0;; De acuerdo.;0;;Totalmente de acuerdo.;0;;Totalmente de acuerdo.;0;;No sabe/ No responde.;0;; De acuerdo.;0;;Ni en acuerdo, ni en desacuerdo.;0;;Totalmente de acuerdo.;0;;Totalmente de acuerdo.;0;;Totalmente de acuerdo.;0;;Sector público (administración pública, gobierno);0;;Totalmente de acuerdo.;0;;Totalmente de acuerdo.;0;;Instituto Geográfico Agustín Codazzi;0;;Maria Camila Bautista Herrera, Centro de Control Geodesico, IGAC;0;
24;07/03/2025 18:04;07/03/2025 18:20;anzaratem@udistrital.edu.co;ALVARO NICOLAS ZARATE MARTINEZ;;;;Alvaro\ Nicolas\ Zarate\ Martinez\ ;0;;1032492447;0;;25 a 30;0;;3045207246;0;;2025;0;;Geomtatica;0;;Profundización;0;;Geoespacial, geomatica, proyectos de carbono;0;;Si;0;;Desarrollando\ vocabulario\ técnico\ enfocado\ en\ investigación\ y\ el\ área\ geoespacial;0;;Totalmente de acuerdo.;0;;Participación en los semilleros de investigación, me ha dado las pautas para redactar adecuadamente tanto informes técnicos como artículos;0;; De acuerdo.;0;;Envío ocasional de banners informativos ;0;;Ni en acuerdo, ni en desacuerdo.;0;;Charlas virtuales segregadas de acuerdo a los proyectos de investigación;0;;Totalmente de acuerdo.;0;;Totalmente de acuerdo.;0;;Ni en acuerdo, ni en desacuerdo.;0;;No he participado;0;;Aun no he participado en la totalidad en algunos de los enfasis;0;;Ni en acuerdo, ni en desacuerdo.;0;;Ni en acuerdo, ni en desacuerdo.;0;;Ni en acuerdo, ni en desacuerdo.;0;;Ni en acuerdo, ni en desacuerdo.;0;;Ni en acuerdo, ni en desacuerdo.;0;;No he participado ;0;;Totalmente de acuerdo.;0;;En la estructuración de la propuesta de grado y la visualización de alternativas de desarrollo o financiación ;0;; De acuerdo.;0;; De acuerdo.;0;; De acuerdo.;0;;No sabe/ No responde.;0;;Ni en acuerdo, ni en desacuerdo.;0;;Ni en acuerdo, ni en desacuerdo.;0;;Ni en acuerdo, ni en desacuerdo.;0;; De acuerdo.;0;;Ni en acuerdo, ni en desacuerdo.;0;;Sector terciario (comercio, servicios: educación, salud, finanzas, etc.);0;;Totalmente de acuerdo.;0;;Ni en acuerdo, ni en desacuerdo.;0;;IFCAYA SAS;0;;Tomas Ordoñez - Gerente Financiero;0;
25;07/03/2025 18:05;07/03/2025 18:21;gapatinom@udistrital.edu.co;GERARDO ANDRES PATIÑO MONTOYA;;;;Gerardo\ Andrés\ Patiño\ Montoya;0;;1032491017;0;;25 a 30;0;;3124108450;0;;2025;0;;Geomtatica;0;;Profundización;0;;Percepción remota, regresión lineal y multivariada, estimación de parámetros.;0;;Si;0;;Trabajo\ en\ un\ ambiente\ 100\%\ en\ inglés,\ estoy\ a\cos tumbrado\ a\ la\ instrucción\ y\ entrenamiento\ en\ inglés\ por\ lo\ que\ me\ serviría,\ directamente,\ tener\ clases\ en\ inglés\ por\ temas\ de\ lenguaje\ técnico.;0;; De acuerdo.;0;;Actualmente estoy cursando la Maestría la cual considero una de las actividades más importantes con relación a la investigación, lo cual, hasta ahora, me ha impactado favorablemente en mi percepción de la realidad y cómo me desarrollo como individuo y profesional en la sociedad.;0;; De acuerdo.;0;;Medios electrónicos más integrales como divulgación por redes sociales, TikTok, Instagram Reels, etc.;0;;Ni en acuerdo, ni en desacuerdo.;0;;Considero que la divulgación es algo limitada.;0;; De acuerdo.;0;; De acuerdo.;0;; De acuerdo.;0;;La estructuración de horarios pertinentes para alinear procesos laborales con académicos.;0;;Pertinente, debido a que la Maestría recibe personas de diferentes enfoques, carreras y experiencias, lo que permite formarse en temas más específicos a fines a los objetivos de cada persona.;0;; De acuerdo.;0;; De acuerdo.;0;; De acuerdo.;0;;Ni en acuerdo, ni en desacuerdo.;0;;Ni en acuerdo, ni en desacuerdo.;0;;Aún no he tenido la oportunidad de participar en dichos proyectos.;0;;Totalmente de acuerdo.;0;;Aún no he tenido la oportunidad de participar en dichos proyectos.;0;; De acuerdo.;0;; De acuerdo.;0;;Totalmente de acuerdo.;0;;No sabe/ No responde.;0;; De acuerdo.;0;;Ni en acuerdo, ni en desacuerdo.;0;; De acuerdo.;0;; De acuerdo.;0;; De acuerdo.;0;;Sector terciario (comercio, servicios: educación, salud, finanzas, etc.);0;;Ni en acuerdo, ni en desacuerdo.;0;;Ni en acuerdo, ni en desacuerdo.;0;;Vinali Group SAS, cliente directo Stone Building Solutions;0;;Tara Lyn Stone +1 (407) 234 - 7993;0;
26;07/03/2025 18:06;07/03/2025 18:22;rnbarretor@udistrital.edu.co;ROBERT NICOLAS BARRETO REYES;;;;ROBERT\ NICOLAS\ BARRETO\ REYES;0;;1193509264;0;;25 a 30;0;;3057530927;0;;2025;0;;Geomtatica;0;;Profundización;0;;Fotogrametria;0;;Si;0;;GEnerando\ familiaridad\ con\ el\ idioma\ para\ posibles\ encuentros\ aa\ Futuro;0;; De acuerdo.;0;;Grupos de investigacion;0;; De acuerdo.;0;;Un QR en los salones de clase;0;;Ni en acuerdo, ni en desacuerdo.;0;;Una mayor divulgación para los estudiantes de pregrado ;0;; De acuerdo.;0;; De acuerdo.;0;; De acuerdo.;0;;Me han ayudado en tener un poco más de tranquilidad en términos profesionales ;0;;La valoro como una buena efectividad ya que me parecen que hacen parte de un todo en un área pero con sus respectivas especificidades;0;; De acuerdo.;0;; De acuerdo.;0;; De acuerdo.;0;; De acuerdo.;0;; De acuerdo.;0;;Hasta el momento como soy muy nuevo no conozco muchos casos más que investigaciones que asocien con instituciones nacionales como por ejemplo el IGAC;0;; De acuerdo.;0;;Una reunión completa donde se presentan los grupos de investigación de la facultad;0;; De acuerdo.;0;; De acuerdo.;0;; De acuerdo.;0;;Sí.;0;; De acuerdo.;0;;Ni en acuerdo, ni en desacuerdo.;0;; De acuerdo.;0;; De acuerdo.;0;; De acuerdo.;0;;Tecnología (desarrollo de software, IA, ciberseguridad, telecomunicaciones);0;;Totalmente de acuerdo.;0;;Ni en acuerdo, ni en desacuerdo.;0;;UT DYMAXION SIGLA;0;;Oscar Jaime Oscar.jaime@sigla-sas.com;0;
27;07/03/2025 18:08;07/03/2025 18:23;ambohorquez@udistrital.edu.co;ANGELA MARCELA BOHORQUEZ RAIRAN;;;;Ángela\ Marcela\ Bohórquez\ Rairán;0;;52312050;0;;41 a 50;0;;3187518177;0;;2025;0;;Ingeniería de Software;0;;Profundización;0;;Analítica de datos;0;;Si;0;;Obligaría\ a\ mejorar\ la\ comunicación\ en\ inglés;0;;Ni en acuerdo, ni en desacuerdo.;0;;No he participado;0;; De acuerdo.;0;;Enviar por correo los documentos o links correspondientes;0;; De acuerdo.;0;;Deberían existir descuentos para docentes de hora cátedra;0;; De acuerdo.;0;;Totalmente de acuerdo.;0;;Ni en acuerdo, ni en desacuerdo.;0;;No tengo ejemplos por el momento;0;;Aún no tengo conocimiento suficiente para valorar la efectividad;0;; De acuerdo.;0;;Totalmente de acuerdo.;0;; De acuerdo.;0;;Totalmente de acuerdo.;0;;Ni en acuerdo, ni en desacuerdo.;0;;No tengo ejemplos;0;;Totalmente de acuerdo.;0;;Aún no tengo ejemplos;0;;Totalmente de acuerdo.;0;;Totalmente de acuerdo.;0;; De acuerdo.;0;;No sabe/ No responde.;0;;Totalmente de acuerdo.;0;;Ni en acuerdo, ni en desacuerdo.;0;; De acuerdo.;0;;Totalmente de acuerdo.;0;;Totalmente de acuerdo.;0;;Sector terciario (comercio, servicios: educación, salud, finanzas, etc.);0;; De acuerdo.;0;;Totalmente de acuerdo.;0;;Universidad Distrital Francisco José de Caldas;0;;Decano Facultad de Ingeniería / Coordinación Ing. Catastral / Coordinación Ing. Eléctrica;0;
28;07/03/2025 18:09;07/03/2025 18:23;yaortizv@udistrital.edu.co;YOUSSEF ALEJANDRO ORTIZ VARGAS;;;;YoussefAlejandro\ Ortiz\ V\arg as;0;;1233912172;0;;25 a 30;0;;3174835512;0;;2025;0;;Ingeniería de Software;0;;Investigación;0;;Sistemas complejos e inteligencia artificial;0;;Si;0;;Exponiendome\ constatemente\ al\ idioma;0;;Totalmente de acuerdo.;0;;NA;0;; De acuerdo.;0;;Énfasis en su importancia y acceso más fácil y rápido;0;; De acuerdo.;0;;Contacto directo con los estudiantes para conocer las áreas de interés, además de ofrecer apoyos económicos según sea posible y realmente motive al estudiante ;0;; De acuerdo.;0;; De acuerdo.;0;; De acuerdo.;0;;Ampliando las áreas de influencia y conocimiento para que haya estudios interdisciplinarios;0;;Enfoca al estudiante en el área de interés y evita adquirir conocimiento que no serán utilizados posteriormente ;0;; De acuerdo.;0;; De acuerdo.;0;; De acuerdo.;0;;Ni en acuerdo, ni en desacuerdo.;0;;Ni en acuerdo, ni en desacuerdo.;0;;Proyectos de investigación de impacto en la sociedad y en los problemas más urgentes;0;;Totalmente de acuerdo.;0;;NA;0;;Ni en acuerdo, ni en desacuerdo.;0;;Totalmente de acuerdo.;0;;Totalmente de acuerdo.;0;;No sabe/ No responde.;0;; De acuerdo.;0;;Ni en acuerdo, ni en desacuerdo.;0;; De acuerdo.;0;; De acuerdo.;0;;Totalmente de acuerdo.;0;;Tecnología (desarrollo de software, IA, ciberseguridad, telecomunicaciones);0;; De acuerdo.;0;;Ni en acuerdo, ni en desacuerdo.;0;;GTC Ingeniería ;0;;José Ochoa - 312 7220668;0;
29;07/03/2025 18:06;07/03/2025 18:25;ilmorenom@udistrital.edu.co;IVONNE LIZETH MORENO MARTINEZ;;;;Ivonne\ Lizeth\ Moreno\ Martinez;0;;1014278347;0;;25 a 30;0;;3202704353;0;;2025;0;;Ingeniería de Software;0;;Investigación;0;;Base de Datos en Información Financiera;0;;Si;0;;Porque\ al\ hacerse\ habitual\ una\ segunda\ lengua,\ al\ momento\ de\ ejercer\ profesionalmente\ ya\ se\ tendrán\ bases\ solidas\ para\ comunicarse\ en\ dicha\ lengua.;0;; De acuerdo.;0;;En el pregrado estuve involucrada en semillero en área contable, esto me ayudó a desarrollar habilidades investigativas y de comunicación;0;; De acuerdo.;0;;No tengo;0;; De acuerdo.;0;;No hay sugerencia;0;; De acuerdo.;0;; De acuerdo.;0;; De acuerdo.;0;;Actualmente me encuentro solicitando la posibilidad de realizar pasantía situación que me permitirá aplicar los conocimientos adquiridos a nivel profesional;0;;Ayuda a adquirir conocimientos enfocados a las areas de interes;0;; De acuerdo.;0;; De acuerdo.;0;; De acuerdo.;0;; De acuerdo.;0;; De acuerdo.;0;;Por ejemplo se encuentra el proyecto de energías renovables, ;0;; De acuerdo.;0;;Me encuentro en primer semestre, aun no he participado en proyectos de este tipo;0;; De acuerdo.;0;; De acuerdo.;0;; De acuerdo.;0;;No sabe/ No responde.;0;; De acuerdo.;0;;Ni en acuerdo, ni en desacuerdo.;0;; De acuerdo.;0;; De acuerdo.;0;; De acuerdo.;0;;Sector terciario (comercio, servicios: educación, salud, finanzas, etc.);0;; En desacuerdo.;0;; De acuerdo.;0;;Solvo Global S.A.S.;0;;No poseo esta información;0;
30;07/03/2025 18:08;07/03/2025 18:25;jjsoleru@udistrital.edu.co;JHON JAIRO SOLER UMBARILA;;;;Jhon\ Jairo\ Soler\ Umbarila;0;;1014263483;0;;25 a 30;0;;3202705593;0;;2025;0;;Ingeniería de Software;0;;Profundización;0;;Minería de datos, Big Data, Ingeniería de Software, Catastro Multipropósito;0;;Si;0;;ampliaría\ mi\ léxico\ aplicable\ al\ entorno\ laboral;0;;Totalmente de acuerdo.;0;;Modelación de calidad del aire en el contexto urbano, Zonificación ambiental del área de influencia de un embalse en el departamento de Boyacá, Implementación de un Geovisor para la visualización de concentraciones de carbono orgánico en el suelo.;0;;Totalmente de acuerdo.;0;;no;0;; En desacuerdo.;0;;Ampliar los tiempos de convocatoria, pues hasta el momento sólo se abren una vez por año.;0;;Totalmente de acuerdo.;0;;Totalmente de acuerdo.;0;;Totalmente de acuerdo.;0;;En el contexto laboral haber optado por proyectos de aplicación e implementación ha favorecido mis competencias y fortalecido mi comprensión de los problemas organizacionales.;0;;muy alta;0;;Totalmente de acuerdo.;0;;Totalmente de acuerdo.;0;;Totalmente de acuerdo.;0;;Totalmente de acuerdo.;0;;Totalmente de acuerdo.;0;;proyectos como el avión eléctrico que cuentan con financiación privada, se convierten en un hito para los grupos de investigación que soportan la maestría.;0;;Totalmente de acuerdo.;0;;Desde el ciclo de Especialización he afianzado el conocimiento, para el desarrollo e implementación de soluciones geográficas y de datos, sin embargo dentro de mi propuesta de investigación, espero solucionar algunos problemas que se presentan actualmente en los gestores catastrales.;0;;Totalmente de acuerdo.;0;;Totalmente de acuerdo.;0;;Totalmente de acuerdo.;0;;Sí.;0;;Totalmente de acuerdo.;0;; En desacuerdo.;0;;Totalmente de acuerdo.;0;;Totalmente de acuerdo.;0;;Totalmente de acuerdo.;0;;Sector público (administración pública, gobierno);0;;Totalmente de acuerdo.;0;;Totalmente de acuerdo.;0;;Alcaldía del Municipio de Cota;0;;Es una Entidad pública;0;
31;07/03/2025 18:15;07/03/2025 18:26;mcforeros@udistrital.edu.co;MIKE CRISTHIAM FORERO SARMIENTO;;;;Mike\ Cristhiam\ Forero\ Sarmiento;0;;80021923;0;;51 o más;0;;3164933046;0;;2025;0;;Ingeniería de Software;0;;Profundización;0;;Ingeniera de software;0;;No;0;;\Pr imero\ debe\ estar\ bien\ estructurada;0;; De acuerdo.;0;;Ningún proceso de investigación;0;;Ni en acuerdo, ni en desacuerdo.;0;;Hasta ahora estoy conociendo el reglamento y las políticas académicas;0;; En desacuerdo.;0;;Primero mejorar información en la pagina web;0;;Ni en acuerdo, ni en desacuerdo.;0;;Ni en acuerdo, ni en desacuerdo.;0;;Ni en acuerdo, ni en desacuerdo.;0;;Aun no tengo suficiente información para responder esta pregunta;0;;Valoraría la actualidad de esos campos en el actual ambiente social en el mundo;0;;Ni en acuerdo, ni en desacuerdo.;0;;Ni en acuerdo, ni en desacuerdo.;0;;Ni en acuerdo, ni en desacuerdo.;0;;Ni en acuerdo, ni en desacuerdo.;0;;Ni en acuerdo, ni en desacuerdo.;0;;Aun no tengo suficiente información, para responder esta pregunta ;0;;Ni en acuerdo, ni en desacuerdo.;0;;Aun no tengo suficiente información, para responder esta pregunta ;0;;Ni en acuerdo, ni en desacuerdo.;0;; En desacuerdo.;0;;Ni en acuerdo, ni en desacuerdo.;0;;No sabe/ No responde.;0;;Ni en acuerdo, ni en desacuerdo.;0;;Ni en acuerdo, ni en desacuerdo.;0;; En desacuerdo.;0;; En desacuerdo.;0;;Ni en acuerdo, ni en desacuerdo.;0;;Sector público (administración pública, gobierno);0;; De acuerdo.;0;;Ni en acuerdo, ni en desacuerdo.;0;;DIAN;0;;no seria posible, creo que no es viable;0;
32;07/03/2025 18:17;07/03/2025 18:30;mvaletam@udistrital.edu.co;MAXIMILIANO VALETA MEDINA;;;;Maximiliano\ Valeta\ Medina;0;;1013619955;0;;31 a 40;0;;3212545073;0;;2025;0;;Ingeniería de Software;0;;Profundización;0;;IT;0;;Si;0;;Mejoraria\ notablemente\ mi\ nivel\ de\ ingles\ en\ el\ aspecto\ de\ escucha;0;;Ni en acuerdo, ni en desacuerdo.;0;;N/A;0;; En desacuerdo.;0;;Canales de Whatsapp;0;;Ni en acuerdo, ni en desacuerdo.;0;;Mejores comunicaciones y mas iniciativas;0;; De acuerdo.;0;;Totalmente de acuerdo.;0;; De acuerdo.;0;;N/A;0;;Medianamente Efectivo;0;; De acuerdo.;0;; De acuerdo.;0;;Ni en acuerdo, ni en desacuerdo.;0;;Totalmente de acuerdo.;0;; De acuerdo.;0;;N/A;0;; De acuerdo.;0;;N/A;0;;Totalmente de acuerdo.;0;; De acuerdo.;0;; De acuerdo.;0;;No sabe/ No responde.;0;; De acuerdo.;0;;Ni en acuerdo, ni en desacuerdo.;0;; De acuerdo.;0;; En desacuerdo.;0;; De acuerdo.;0;;Tecnología (desarrollo de software, IA, ciberseguridad, telecomunicaciones);0;;Totalmente de acuerdo.;0;; De acuerdo.;0;;Grupo Alto;0;;Roberto Carrasco Carrasco;0;
33;07/03/2025 18:10;07/03/2025 18:31;mabonillad@udistrital.edu.co;MARIA ALEJANDRA BONILLA DIAZ;;;;María\ Alejandra\ Bonilla\ Díaz;0;;1024543666;0;;31 a 40;0;;3214243119;0;;2025;0;;Ingeniería de Software;0;;Investigación;0;;Inteligencia Artificial - Psicología ;0;;Si;0;;El inglés es requisito indispensable para avanzar tanto en el mercado laboral como académico ;0;;Totalmente de acuerdo.;0;;Elaboración de artículos, participación en congresos;0;;Ni en acuerdo, ni en desacuerdo.;0;;Una sesión al iniciar la maestría en donde se divulguen los puntos claves del reglamento ;0;; De acuerdo.;0;;Podrían establecerse convenios que permitan la financiación del 100% de la maestría ;0;; De acuerdo.;0;;Ni en acuerdo, ni en desacuerdo.;0;;Ni en acuerdo, ni en desacuerdo.;0;;Aprendizaje de diferentes lenguajes en desarrollo;0;;Podría considerarse la actualización de los sílabo;0;; De acuerdo.;0;;Ni en acuerdo, ni en desacuerdo.;0;; De acuerdo.;0;;Ni en acuerdo, ni en desacuerdo.;0;;Ni en acuerdo, ni en desacuerdo.;0;;No aplica;0;; De acuerdo.;0;;No aplica;0;; De acuerdo.;0;; De acuerdo.;0;;Ni en acuerdo, ni en desacuerdo.;0;;No sabe/ No responde.;0;; De acuerdo.;0;;Ni en acuerdo, ni en desacuerdo.;0;; De acuerdo.;0;; De acuerdo.;0;; De acuerdo.;0;;Sector terciario (comercio, servicios: educación, salud, finanzas, etc.);0;; De acuerdo.;0;; De acuerdo.;0;;Universidad Distrital ;0;;Juan Pablo Ramorez;0;
34;07/03/2025 18:14;07/03/2025 18:35;aazarabandag@udistrital.edu.co;ALVARO ALEJANDRO ZARABANDA GUTIERREZ;;;;Alvaro Alejandro Zarabanda Gutierrez;0;;1018511461;0;;25 a 30;0;;3223912541;0;;2025;0;;Ingeniería de Software;0;;Investigación;0;;Inteligencia Artificial;0;;Si;0;;Se presentan bastantes oportunidades laborales en las que el ingles es requisito;0;; De acuerdo.;0;;Seminarios de Investigacion;0;; De acuerdo.;0;;No;0;;Totalmente de acuerdo.;0;;Ninguna;0;; De acuerdo.;0;;Totalmente de acuerdo.;0;; De acuerdo.;0;;Programas asistidos por TICS, con flexibilidad en los horarios, podria ser sincrono o asincrono;0;;Acordes con lo que el ambito laboral y academico piden hoy en dia;0;; De acuerdo.;0;; De acuerdo.;0;;Totalmente de acuerdo.;0;;Totalmente de acuerdo.;0;;Ni en acuerdo, ni en desacuerdo.;0;;No aplica;0;;Totalmente de acuerdo.;0;;Hackatones del minTIC;0;;Totalmente de acuerdo.;0;;Totalmente de acuerdo.;0;;Totalmente de acuerdo.;0;;No sabe/ No responde.;0;;Totalmente de acuerdo.;0;; De acuerdo.;0;; De acuerdo.;0;; De acuerdo.;0;; De acuerdo.;0;;Sector secundario (industria manufacturera, construcción, energía);0;; De acuerdo.;0;; De acuerdo.;0;;Universidad Distrital Francisco Jose de Caldas;0;;Alejandro Paolo Daza Corredor;0;
35;07/03/2025 18:24;07/03/2025 18:36;aljimenezb@udistrital.edu.co;ALEJANDRO JIMENEZ BARRERO;;;;Alejandro\ Jimenez\ Barrero;0;;1018491467;0;;25 a 30;0;;3138829198;0;;2024;0;;Teleinformatica;0;;Profundización;0;;Redes Moviles de quinta generación;0;;Si;0;;mejorar\ lenguaje\ tecnico\ y\ comunicacion;0;;Totalmente de acuerdo.;0;;NA;0;; De acuerdo.;0;;No;0;; De acuerdo.;0;;NA;0;; De acuerdo.;0;; De acuerdo.;0;;Ni en acuerdo, ni en desacuerdo.;0;;NA;0;;falta mas oferta de materiua con cupos en enfasis de teleinformatica;0;; De acuerdo.;0;; De acuerdo.;0;;Ni en acuerdo, ni en desacuerdo.;0;; De acuerdo.;0;;Ni en acuerdo, ni en desacuerdo.;0;;no he participado;0;;Totalmente de acuerdo.;0;;no he participadoi aun;0;; De acuerdo.;0;; De acuerdo.;0;; De acuerdo.;0;;No sabe/ No responde.;0;; De acuerdo.;0;;Ni en acuerdo, ni en desacuerdo.;0;;Ni en acuerdo, ni en desacuerdo.;0;; De acuerdo.;0;;Totalmente de acuerdo.;0;;Tecnología (desarrollo de software, IA, ciberseguridad, telecomunicaciones);0;; De acuerdo.;0;;Ni en acuerdo, ni en desacuerdo.;0;;Huawei techonolgies;0;;NA;0;
36;07/03/2025 18:19;07/03/2025 18:37;lifrodriguezb@udistrital.edu.co;LINA FERNANDA RODRIGUEZ BALAGUERA;;;;Lina\ Fernanda\ Rodriguez;0;;1014274957;0;;25 a 30;0;;3203427538;0;;2025;0;;Teleinformatica;0;;Profundización;0;;Ciberseguridad sobre arquitecturas cloud ;0;;Si;0;;Podría\ ayudarme\ a\ tener\ mejores\ oportunidades\ laborales;0;;Totalmente de acuerdo.;0;;Investigación de métodos de forecast durante la pasantía en el pregrado;0;; De acuerdo.;0;;Enviarlo masivamente por medios más cercanos al estudiante ;0;; De acuerdo.;0;;Divulgarlo masivamente;0;; De acuerdo.;0;; De acuerdo.;0;;Ni en acuerdo, ni en desacuerdo.;0;;Autoaprendizaje de tecnología IaaS, analítica de datos, arquitectura cloud, me ha permitido avanzar en este campo profesionalmente;0;;Son énfasis con mucha especialidad en los cuales se abarcan temáticas muy alineadas a las necesidades actuales del mercado ;0;; De acuerdo.;0;; De acuerdo.;0;; De acuerdo.;0;; De acuerdo.;0;;Ni en acuerdo, ni en desacuerdo.;0;;Proyectos de investigación desarrollados en conjunto en los diferentes grupos como GITUD ;0;; De acuerdo.;0;;Investigación durante mi proyecto de pasantía;0;; De acuerdo.;0;; De acuerdo.;0;; De acuerdo.;0;;No sabe/ No responde.;0;; De acuerdo.;0;; De acuerdo.;0;; De acuerdo.;0;; De acuerdo.;0;; De acuerdo.;0;;Tecnología (desarrollo de software, IA, ciberseguridad, telecomunicaciones);0;;Totalmente de acuerdo.;0;;Ni en acuerdo, ni en desacuerdo.;0;;TD SYNNEX;0;;isabel.pena@tdsynnex.com;0;
37;07/03/2025 18:30;07/03/2025 18:37;jamoralesm@udistrital.edu.co;JHON ALEJANDRO MORALES MOJICA;;;;Jhon\ Alejandro\ Morales\ Mojica;0;;1022437869;0;;25 a 30;0;;3046228667;0;;2024;0;;Teleinformatica;0;;Profundización;0;;Analítica de datos;0;;Si;0;;\Pr qctica\ oral\ en\ ambientes\ reales\ y\ academi\cos;0;;Totalmente de acuerdo.;0;;Procesos de analítica de datos que ha facilitado tareas del campo académico y productivo ;0;; De acuerdo.;0;;Na;0;; De acuerdo.;0;;Matricula cero;0;;Totalmente de acuerdo.;0;;Totalmente de acuerdo.;0;;Totalmente de acuerdo.;0;;Puedo trabajar y estudiar sin apuros gracias al uso de las tics;0;;Completamente alineado con los intereses productivos que necesita el mercado actual;0;; De acuerdo.;0;; De acuerdo.;0;; De acuerdo.;0;; De acuerdo.;0;; De acuerdo.;0;;Movilidad académica ;0;; De acuerdo.;0;;Interes en ciencia de datos y optimización de procesos;0;; De acuerdo.;0;; De acuerdo.;0;; De acuerdo.;0;;No sabe/ No responde.;0;;Totalmente de acuerdo.;0;;Totalmente de acuerdo.;0;; De acuerdo.;0;;Totalmente de acuerdo.;0;;Totalmente de acuerdo.;0;;Sector terciario (comercio, servicios: educación, salud, finanzas, etc.);0;;Totalmente de acuerdo.;0;;Totalmente de acuerdo.;0;;Banco Davivienda ;0;;Fredy Ferney Garay;0;
38;07/03/2025 18:27;07/03/2025 18:44;slangelv@udistrital.edu.co;SERGIO LEONARDO ANGEL VILLAREAL;;;;Sergio\ Leonardo\ Angel\ Villarreal;0;;1030631243;0;;31 a 40;0;;3103983564;0;;2022;0;;Geomtatica;0;;Investigación;0;;Deforestación, modelación de biodiversidad, comunidades locales;0;;Si;0;;Actualmente\ he\ perdido\ muchas\ ofertas\ laborales\ a\ causa\ de\ mi\ falta\ de\ competencias\ en\ inglés\ por\ lo\ que\ considero\ que\ es\ oportuno\ y\ pertinente;0;; De acuerdo.;0;;Hago parte del grupo de investigación internet inteligente y esto me ha permitido postularme a ciertas convocatorias de financiación;0;;Ni en acuerdo, ni en desacuerdo.;0;;Si, debería se de mas fácil acceso y estar escrito en función de los estudiantes (su entendimiento);0;;Ni en acuerdo, ni en desacuerdo.;0;;Deberia emprender un foro o un sitio web en donde se puedan ver todas las convocatorias financiables, adicionalmente deberían existir manuales o capacitaciones que permitan acceder mas fácilmente;0;; En desacuerdo.;0;; En desacuerdo.;0;;Totalmente de acuerdo.;0;;La asignatura de informática me ha servido para entender la infraestructura y la cultura organizacional como tema de interés dentro de ciertos desafíos laborales que he enfrentado;0;;Hace falta que ciertos docentes se actualicen mas en el contenido académico, como acción de mejora propondria que se invitaran docentes de otras universidad y dictaran ciertas clases o que algunas clases estuvieran a cargo de docentes externos en algunos semestres para mejorar el intercambio de conocimiento y fomentar la competitividad;0;;Ni en acuerdo, ni en desacuerdo.;0;;Ni en acuerdo, ni en desacuerdo.;0;;Ni en acuerdo, ni en desacuerdo.;0;; De acuerdo.;0;;Totalmente de acuerdo.;0;;Por lo pronto, un proyecto esta en proceso de revisión por parte del Ministerio de Ciencias titulado Modelo de evaluación, pronóstico y optimización de la selección de las áreas de producción de la vainilla en el Bajo Baudó, Chocó con el apoyo de sus comunidades utilizando aprendizaje automático e Internet de las cosas (IoT);0;;Ni en acuerdo, ni en desacuerdo.;0;;N/A;0;;Ni en acuerdo, ni en desacuerdo.;0;;Ni en acuerdo, ni en desacuerdo.;0;;Ni en acuerdo, ni en desacuerdo.;0;;No.;0;; De acuerdo.;0;;Ni en acuerdo, ni en desacuerdo.;0;;Ni en acuerdo, ni en desacuerdo.;0;;Ni en acuerdo, ni en desacuerdo.;0;;Ni en acuerdo, ni en desacuerdo.;0;;Otro;0;; De acuerdo.;0;;Ni en acuerdo, ni en desacuerdo.;0;;En este momento no estoy empleado;0;;N/A;0;
39;07/03/2025 18:18;07/03/2025 18:44;sruedag@udistrital.edu.co;STEFANY RUEDA GARZON;;;;Stefany\ Rueda;0;;1014276639;0;;25 a 30;0;;3186980190;0;;2025;0;;Ingeniería de Software;0;;Profundización;0;;Interaccion maquina humano;0;;Si;0;;Lenguaje\ técnico;0;;Ni en acuerdo, ni en desacuerdo.;0;;Investigacion de trabajo de pregrado en modelacion de sistemas;0;;Ni en acuerdo, ni en desacuerdo.;0;;Infografias;0;;Ni en acuerdo, ni en desacuerdo.;0;;Incluir acciones afirmativas;0;; De acuerdo.;0;; De acuerdo.;0;;Ni en acuerdo, ni en desacuerdo.;0;;El autoaprendizaje me ha proporcionado la posibilidad de explorar conocimientos de manera no formal y superficial, aun asi me han proporcionado de una buena base para mi desarrollo profesional;0;;Aun no puedo emitir un juicio;0;; De acuerdo.;0;;Ni en acuerdo, ni en desacuerdo.;0;; De acuerdo.;0;; De acuerdo.;0;;Ni en acuerdo, ni en desacuerdo.;0;;Proyectos en conjunto con municipalidades para poder mejorar la calidad de vida de los habitantes y la aplicación de tecnologías;0;; En desacuerdo.;0;;Investigación de pregrado, aprendí la importancia de la interdisciplinaridad de las ciencias humanas y la tecnologia;0;; De acuerdo.;0;;Ni en acuerdo, ni en desacuerdo.;0;; De acuerdo.;0;;No sabe/ No responde.;0;; De acuerdo.;0;;Ni en acuerdo, ni en desacuerdo.;0;;Ni en acuerdo, ni en desacuerdo.;0;;Ni en acuerdo, ni en desacuerdo.;0;; De acuerdo.;0;;Tecnología (desarrollo de software, IA, ciberseguridad, telecomunicaciones);0;; De acuerdo.;0;;Ni en acuerdo, ni en desacuerdo.;0;;Scotiabank;0;;justin.smith@scotiabank.com;0;
40;08/03/2025 7:06;08/03/2025 7:15;jamatizg@udistrital.edu.co;JOHAN ANDRES MATIZ GAITAN;;;;Johan\ Andres\ Matiz\ Gai\tan;0;;1019145200;0;;25 a 30;0;;3143757501;0;;2024;0;;Ingeniería de Software;0;;Investigación;0;;Inteligencia Artificial;0;;Si;0;;\Pr actica\ cons\tan te\ en\ el\ inglés\ y\ familiaridad\ con\ las\ ter\min o\log ias;0;; De acuerdo.;0;;Aun no he participado en ninguna;0;; De acuerdo.;0;;No;0;;Ni en acuerdo, ni en desacuerdo.;0;;Hacer mayor divulgacion, ya que muchos no se presentan por la falta de conocimiento ;0;;Totalmente de acuerdo.;0;;Totalmente de acuerdo.;0;;Ni en acuerdo, ni en desacuerdo.;0;;Me ha permitido tomar asignaturas acorde a mis intereses personales;0;;Bastante buena en la mayoria de los casos, sin embargo el enfasius de inteligencia artificial no ha estado disponible en semestres recientes;0;; De acuerdo.;0;; De acuerdo.;0;;Ni en acuerdo, ni en desacuerdo.;0;;Totalmente de acuerdo.;0;;Ni en acuerdo, ni en desacuerdo.;0;;Aun ninguno;0;;Totalmente de acuerdo.;0;;Las interacciones con docentes generan una gran contribucion a la formacion ;0;; En desacuerdo.;0;; De acuerdo.;0;; De acuerdo.;0;;No sabe/ No responde.;0;;Ni en acuerdo, ni en desacuerdo.;0;;Ni en acuerdo, ni en desacuerdo.;0;; De acuerdo.;0;;Totalmente de acuerdo.;0;;Ni en acuerdo, ni en desacuerdo.;0;;Sector terciario (comercio, servicios: educación, salud, finanzas, etc.);0;; En desacuerdo.;0;;Ni en acuerdo, ni en desacuerdo.;0;;Universidad Distital Francisco José de Caldas;0;;Jose Ignacio Palacios, Jefe de la oficina de Bienestar Universitario;0;
41;08/03/2025 7:06;08/03/2025 7:22;ivperezd@udistrital.edu.co;ISABEL VICTORIA PEREZ DIAZ;;;;Isabel\ Victoria\ Pérez\ Díaz;0;;1233508093;0;;25 a 30;0;;3226074150;0;;2024;0;;Inteligencia Artificial;0;;Investigación;0;;Machine Learning;0;;Si;0;;Mayor\ campo\ de\ acción;0;; De acuerdo.;0;;Grupos y semilleros de investigación;0;;Ni en acuerdo, ni en desacuerdo.;0;;Comunicados más claros;0;; De acuerdo.;0;;campañas de socialización;0;; De acuerdo.;0;; En desacuerdo.;0;; De acuerdo.;0;;herramientas para la tesis y trabajo;0;;Buena;0;; De acuerdo.;0;; De acuerdo.;0;; De acuerdo.;0;;Ni en acuerdo, ni en desacuerdo.;0;;Ni en acuerdo, ni en desacuerdo.;0;;No aplica;0;; De acuerdo.;0;;No aplica;0;;Ni en acuerdo, ni en desacuerdo.;0;;Ni en acuerdo, ni en desacuerdo.;0;;Ni en acuerdo, ni en desacuerdo.;0;;No.;0;; En desacuerdo.;0;; De acuerdo.;0;;Ni en acuerdo, ni en desacuerdo.;0;; De acuerdo.;0;; De acuerdo.;0;;Tecnología (desarrollo de software, IA, ciberseguridad, telecomunicaciones);0;; De acuerdo.;0;;Ni en acuerdo, ni en desacuerdo.;0;;IBM;0;;Juan Diego Lopez Parra, cel: 3015454030, correo: jdlopezp@co.ibm.com;0;
42;08/03/2025 7:07;08/03/2025 7:25;pyhernandezr@udistrital.edu.co;PILLT YOJAN HERNANDEZ RIVEROS;;;;Pillt\ Yojan\ Hernández\ Riveros;0;;1018472591;0;;31 a 40;0;;3192202160;0;;2024;0;;Inteligencia Artificial;0;;Investigación;0;;Inteligencia Computacional, Redes Neuronales.;0;;Si;0;;Fortalecería\ las\ competencias\ en\ inglés\ y\ motivaría\ a\ los\ estudiantes\ a\ practicarlo;0;;Totalmente de acuerdo.;0;;Desarrollo de modelos computacionales para estimación y predicción de variables. Esto ha impactado en el desarrollo de competencias de escritura científica y curiosidad por la investigación.;0;; De acuerdo.;0;;Podrían realizarse infografías o videos cortos tipo short para evitar largos textos;0;;Totalmente de acuerdo.;0;;Divulgar los listados de mejores ECAES por año e invitar a quienes aparecen allí a aplicar a al apoyo socioeconómico.;0;; De acuerdo.;0;;Totalmente de acuerdo.;0;;Totalmente de acuerdo.;0;;No se cuales son las rutas de formación alternativa;0;;Se ha demorado en legalizarse el énfasis en IA, pero las materias tienen contenidos valiosos.;0;;Ni en acuerdo, ni en desacuerdo.;0;; De acuerdo.;0;; De acuerdo.;0;;Ni en acuerdo, ni en desacuerdo.;0;;Ni en acuerdo, ni en desacuerdo.;0;;No aún;0;;Totalmente de acuerdo.;0;;No aún;0;;Ni en acuerdo, ni en desacuerdo.;0;;Totalmente de acuerdo.;0;;Ni en acuerdo, ni en desacuerdo.;0;;No sabe/ No responde.;0;; De acuerdo.;0;;Ni en acuerdo, ni en desacuerdo.;0;; De acuerdo.;0;;Totalmente de acuerdo.;0;; En desacuerdo.;0;;Tecnología (desarrollo de software, IA, ciberseguridad, telecomunicaciones);0;;Totalmente de acuerdo.;0;; De acuerdo.;0;;No;0;;No es posible.;0;
43;08/03/2025 7:13;08/03/2025 7:30;gleonc@udistrital.edu.co;CELIS GABRIELA;;;;Gabriela León Celis;0;;1031170176;0;;25 a 30;0;;3185208646;0;;2024;0;;Ingeniería de Software;0;;Investigación;0;;Bioingenieria, Machine Learning, Arquitectura;0;;No;0;;Aprendiendo en los conceptos base de la materia y permitiendo expresarme mejor en esos términos ;0;; De acuerdo.;0;;He participado en grupos de investigación y realizando productos científicos donde he aprendido a pulir mis habilidades de comunicación ;0;;Ni en acuerdo, ni en desacuerdo.;0;;N/A;0;; De acuerdo.;0;;N/A;0;; De acuerdo.;0;; De acuerdo.;0;; De acuerdo.;0;;He potenciado mi entendimiento y desarrollo profesional en la comunicación en mi trabajo;0;;N/A;0;; De acuerdo.;0;; De acuerdo.;0;; De acuerdo.;0;; De acuerdo.;0;; De acuerdo.;0;;N/A;0;; De acuerdo.;0;;N\A;0;; De acuerdo.;0;; De acuerdo.;0;; De acuerdo.;0;;Sí.;0;; De acuerdo.;0;; De acuerdo.;0;; De acuerdo.;0;; De acuerdo.;0;; De acuerdo.;0;;Tecnología (desarrollo de software, IA, ciberseguridad, telecomunicaciones);0;;Ni en acuerdo, ni en desacuerdo.;0;;Ni en acuerdo, ni en desacuerdo.;0;;Banco de Bogotá ;0;;Andrés Guzmán: AGUZMAN7@BANCODEBOGOTA.COM.CO;0;
44;08/03/2025 7:12;08/03/2025 7:31;erhiguerav@udistrital.edu.co;RICARDO VILLALBA ESTEBAN;;;;Esteban\ Ricardo\ Higuera\ Villalba;0;;1032457392;0;;31 a 40;0;;3106291488;0;;2024;0;;Inteligencia Artificial;0;;Investigación;0;;Machine Learning, Deep Learning, Medio Ambiente ;0;;Si;0;;Identificación de términos técnicos del área.;0;; De acuerdo.;0;;Presentación de proyectos y socialización del algunos avances del proyecto de grado. Habilidades blandas.;0;; De acuerdo.;0;;NA;0;; De acuerdo.;0;;NA;0;;Totalmente de acuerdo.;0;;Totalmente de acuerdo.;0;;Totalmente de acuerdo.;0;;Cómo docente universitario me ha permitido ampliar el contenido temático con los estudiantes y profundizar en áreas de aplicación;0;;En el caso de Inteligencia Artificial, considero que es pertinente.;0;;Totalmente de acuerdo.;0;;Totalmente de acuerdo.;0;;Totalmente de acuerdo.;0;;Totalmente de acuerdo.;0;;Totalmente de acuerdo.;0;;NA;0;;Totalmente de acuerdo.;0;;Actividades de elaboración de propuesta de investigación.;0;;Totalmente de acuerdo.;0;;Totalmente de acuerdo.;0;;Totalmente de acuerdo.;0;;Sí.;0;;Totalmente de acuerdo.;0;; De acuerdo.;0;;Totalmente de acuerdo.;0;;Totalmente de acuerdo.;0;;Totalmente de acuerdo.;0;;Sector terciario (comercio, servicios: educación, salud, finanzas, etc.);0;;Totalmente de acuerdo.;0;;Ni en acuerdo, ni en desacuerdo.;0;;Fundación Universitaria Compensar;0;;3114273516;0;
45;08/03/2025 7:15;08/03/2025 7:35;vdsanchezm@udistrital.edu.co;VIVIAN DANIELA SANCHEZ MONTA?A;;;;Vivian Daniela Sánchez montaña;0;;1014294978;0;;25 a 30;0;;3103375466;0;;2024;0;;Geomtatica;0;;Investigación;0;;SIG;0;;Si;0;;Mejoraría mis habilidades en listening , lo cual es fundamental para mi trabajo;0;;Totalmente de acuerdo.;0;;Grupos de investigación, como la sociedad en percepción remota para America latina y el caribe - selper, donde puedo poner en marcha los conocimientos queridos en la maestría;0;; De acuerdo.;0;;Continuar con la difusión de botines, noticias, ofertas de trabajo y demás a traves del r electrónico;0;; De acuerdo.;0;;Mayor difusión de oportunidades por el correo y grupo de WhatsApp;0;; De acuerdo.;0;; De acuerdo.;0;; De acuerdo.;0;;La flexibilidad en los horarios, si se puede dar continuidad a la vida laboral;0;;Permite profundizar adecuadamente en los intereses del estudiante, adicionalmente, al de posible interactuar con estudiantes de otros énfasis  mejorando los intereses académicos e investigativos;0;; De acuerdo.;0;; De acuerdo.;0;; De acuerdo.;0;; De acuerdo.;0;;Ni en acuerdo, ni en desacuerdo.;0;;Durante la clase de big data, uno de los docentes nos invitó a foros donde se discutió el avance de la inteligencia artificial con múltiples académicos internacionales;0;; De acuerdo.;0;;Para  solucionar proyectos en mi trabajo enfocados a big data ;0;; De acuerdo.;0;; De acuerdo.;0;; De acuerdo.;0;;Sí.;0;; De acuerdo.;0;;Ni en acuerdo, ni en desacuerdo.;0;; En desacuerdo.;0;; De acuerdo.;0;; De acuerdo.;0;;Tecnología (desarrollo de software, IA, ciberseguridad, telecomunicaciones);0;;Totalmente de acuerdo.;0;; De acuerdo.;0;;Esri colombia;0;;Paola barón - pbaron@esri.co;0;
46;08/03/2025 7:09;08/03/2025 7:50;jucpenav@udistrital.edu.co;JOAN CAMILO PENA VILLAMIL;;;;Joan\ Camilo\ Peña\ Villamil;0;;1022432262;0;;25 a 30;0;;3133851772;0;;2024;0;;Teleinformatica;0;;Investigación;0;;Antenas;0;;Si;0;;Me\ permitiria\ mejorar\ mi\ nivel\ de\ ingles\ y\ evaluar\ que\ \tan\ preparado\ estoy\ para\ afrontar\ otro\ tipo\ de\ eventos\ academi\cos\ en\ ese\ idioma\ ;0;;Ni en acuerdo, ni en desacuerdo.;0;;no he participado en ninguna.;0;; De acuerdo.;0;;No;0;; De acuerdo.;0;;Realizar actividades de divulgación en donde se de la información personalmente a los estudiantes;0;;Totalmente de acuerdo.;0;; De acuerdo.;0;;Ni en acuerdo, ni en desacuerdo.;0;;no;0;;Es buena ya que permite profundizar en los diferentes énfasis y son muy pertinentes en el campo laboral.;0;; De acuerdo.;0;; De acuerdo.;0;;Ni en acuerdo, ni en desacuerdo.;0;;Ni en acuerdo, ni en desacuerdo.;0;;Ni en acuerdo, ni en desacuerdo.;0;;no;0;; De acuerdo.;0;;no;0;; De acuerdo.;0;;Ni en acuerdo, ni en desacuerdo.;0;; De acuerdo.;0;;No.;0;;Totalmente de acuerdo.;0;;Ni en acuerdo, ni en desacuerdo.;0;;Ni en acuerdo, ni en desacuerdo.;0;; De acuerdo.;0;; De acuerdo.;0;;Sector terciario (comercio, servicios: educación, salud, finanzas, etc.);0;; En desacuerdo.;0;; En desacuerdo.;0;;Universidad Distrital Francisco José de Caldas ;0;;Edilberto Suarez Torres , Tel: 3005635286,  Correo: esuarez@udistrital.edu.co;0;
47;08/03/2025 9:46;08/03/2025 10:15;jjbarbosap@udistrital.edu.co;JHONATAN JOSE BARBOSA PEÑA;;;;JHONATAN\ JOSE\ BARBOSA\ PEÑA;0;;1031136781;0;;31 a 40;0;;3158026703;0;;2017;0;;Geomtatica;0;;Investigación;0;;Sistemas de información geografica y gestión de riesgo ;0;;No;0;;Para\ practicar\ la\ segunda\ lengua\ de\ manera\ tecnica;0;;Totalmente de acuerdo.;0;;Simposios, charlas tecnicas;0;;Totalmente de acuerdo.;0;;No;0;;Totalmente de acuerdo.;0;;Mejor divulgación ;0;; De acuerdo.;0;;Totalmente de acuerdo.;0;;Totalmente de acuerdo.;0;;En mi caso, me han beneficiado al brindarme la oportunidad de acceder a distintos recursos, como materiales en línea, clases asincrónicas y herramientas interactivas, lo que me ha permitido reforzar conceptos a mi propio ritmo;0;;Centrándome en el énfasis de geomática abarca áreas clave de la ingeniería y la tecnología con alta demanda en el mercado laboral.;0;;Totalmente de acuerdo.;0;;Totalmente de acuerdo.;0;; De acuerdo.;0;;Ni en acuerdo, ni en desacuerdo.;0;;Ni en acuerdo, ni en desacuerdo.;0;;Conozco un proyecto de la implementación de la metodología fit for purpose el cual fue con apoyo del gobierno holandés ;0;; De acuerdo.;0;;Cómo decía con anterioridad un proyecto de la maestría traía conocimiento del exterior para la aplicación en Colombia ;0;;Ni en acuerdo, ni en desacuerdo.;0;; De acuerdo.;0;; De acuerdo.;0;;No sabe/ No responde.;0;;Ni en acuerdo, ni en desacuerdo.;0;;Ni en acuerdo, ni en desacuerdo.;0;;Totalmente de acuerdo.;0;; De acuerdo.;0;; De acuerdo.;0;;Sector primario (agricultura, ganadería, pesca, minería);0;; De acuerdo.;0;; De acuerdo.;0;;Unidad de planificación rural agropecuaria UPRA;0;;Supervisor Carlos Moreno ;0;
48;09/03/2025 16:13;09/03/2025 16:33;jasilvar@udistrital.edu.co;JOSE ANTONIO SILVA ROJAS;;;;José\ Antonio\ Silva\ Rojas;0;;80742478;0;;41 a 50;0;;3006226021;0;;2017;0;;Ingeniería de Software;0;;Investigación;0;;LLM, generative AI.;0;;Si;0;;Al\ mejorar\ mis\ habilidades\ en\ el\ inglés,\ podría\ postularme\ a\ c\arg os\ con\ ese\ énfasis,\ aumen\tan do\ mis\ ingresos.;0;;Totalmente de acuerdo.;0;;Estuve participando en un grupo de investigación en Sennova, enfocado en IoT. Esto, me permitió trabajar con sistemas embebidos  y de telecomunicaciones, enfocadas en la agricultura de precisión y energías renovables. Adquiriendo conocimiento en estas tecnologías.;0;;Totalmente de acuerdo.;0;;No.;0;;Totalmente de acuerdo.;0;;Concursos o retos por semestre para que exista una participación activa del estudiantado y así mismo, mejore la divulgación de los mismos.;0;; De acuerdo.;0;;Totalmente de acuerdo.;0;;Ni en acuerdo, ni en desacuerdo.;0;;No las tengo claras las rutas mencionadas.;0;;Buena.;0;; De acuerdo.;0;; De acuerdo.;0;; De acuerdo.;0;; De acuerdo.;0;;Ni en acuerdo, ni en desacuerdo.;0;;Solo cuento con información suministradas en la socialización de grupos de investigación.;0;; De acuerdo.;0;;Con el manejo de IoT y de IA, me facilitaron el ingreso a un grupo de investigación del Sena, en lo recorrido del año 2022.;0;; De acuerdo.;0;;Ni en acuerdo, ni en desacuerdo.;0;; De acuerdo.;0;;Sí.;0;;Totalmente de acuerdo.;0;;Ni en acuerdo, ni en desacuerdo.;0;; De acuerdo.;0;; De acuerdo.;0;; De acuerdo.;0;;Tecnología (desarrollo de software, IA, ciberseguridad, telecomunicaciones);0;; De acuerdo.;0;; De acuerdo.;0;;IBM;0;;Fabian David Gil. fabian.gil@ibm.com.;0;
49;12/03/2025 20:33;12/03/2025 20:49;jfpinerosh@udistrital.edu.co;JOHN FREDY PINEROS HERNANDEZ;;;;John\ Fredy\ Piñeros\ Hernández;;;1015405675;;;31 a 40;;;3202038936;;;2018;;;Ingeniería de Software;;;Investigación;;;Sistemas distribuidos, microservicios, inteligencia artificial, desarrollo en la nube;;;Si;;;Asimilar\ y\ practicar\ inglés\ a\ nivel\ académico;;; De acuerdo.;;;Análisis de datos para la detección de variables que afectan el rendimiento de un estudiante de acuerdo a las pruebas saber pro. Mejora en pautas para la investigación;;; De acuerdo.;;;Mejorar la experiencia de usuario de la página web de la universidad;;;Ni en acuerdo, ni en desacuerdo.;;;Aumentar los medios de divulgación;;;Ni en acuerdo, ni en desacuerdo.;;;Ni en acuerdo, ni en desacuerdo.;;; De acuerdo.;;;Análisis de datos, haciendo ver los datos como un insumo transversal para medir y analizar a nivel académico y laboral;;;Aceptable;;; De acuerdo.;;; De acuerdo.;;; De acuerdo.;;;Ni en acuerdo, ni en desacuerdo.;;; De acuerdo.;;;Implementación de una bodega de datos para el análisis y reportería;;; De acuerdo.;;;--;;;Ni en acuerdo, ni en desacuerdo.;;; En desacuerdo.;;;Ni en acuerdo, ni en desacuerdo.;;;Sí.;;;Ni en acuerdo, ni en desacuerdo.;;;Ni en acuerdo, ni en desacuerdo.;;; De acuerdo.;;; De acuerdo.;;; De acuerdo.;;;Tecnología (desarrollo de software, IA, ciberseguridad, telecomunicaciones);;;Totalmente de acuerdo.;;; De acuerdo.;;;Datatools;;;NA;;
50;13/03/2025 9:08;13/03/2025 9:23;sazapatac@udistrital.edu.co;SINDY ALEJANDRA ZAPATA CASTRO;;;;Sindy\ Alejandra\ Zapata\ Castro;;;1032431801;;;31 a 40;;;3134722505;;;2020;;;Geomtatica;;;Profundización;;;Geomática;;;Si;;;Si;;;Totalmente de acuerdo.;;;Tesis;;;Ni en acuerdo, ni en desacuerdo.;;;Tener más en cuenta al estudiante en el momento de su elaboración;;; En desacuerdo.;;;Ser más claros en la divulgación de la información de estos;;;Ni en acuerdo, ni en desacuerdo.;;; En desacuerdo.;;;Ni en acuerdo, ni en desacuerdo.;;;Los diplomados de la universidad y los workshps de la Maestría;;;Buena;;; De acuerdo.;;; De acuerdo.;;;Ni en acuerdo, ni en desacuerdo.;;; En desacuerdo.;;;Totalmente en desacuerdo.;;;Es ambigüo;;; En desacuerdo.;;;Ninguno;;; En desacuerdo.;;;Ni en acuerdo, ni en desacuerdo.;;; En desacuerdo.;;;No.;;; En desacuerdo.;;; En desacuerdo.;;;Ni en acuerdo, ni en desacuerdo.;;; En desacuerdo.;;; En desacuerdo.;;;Sector público (administración pública, gobierno);;; De acuerdo.;;; De acuerdo.;;;-;;;No;;
51;13/03/2025 20:03;13/03/2025 20:14;haerazog@udistrital.edu.co;HERNAN ALVEIRO ERAZO GUERRERO;;;;Alveiro\ Erazo;;;1088592425;;;31 a 40;;;3504564323;;;2018;;;Ingeniería de Software;;;Investigación;;;Iot, IA;;;No;;;Quizas\ el\ desarrollo\ de\ vocabulario\ en\ ingl´es\ ser´ia\ ´util\ para\ mejorar\ las\ competencias\ de\ los\ estudiantes.;;;Ni en acuerdo, ni en desacuerdo.;;;Reuniones con el grupo de investigación para discutir temas de tesis.;;;Ni en acuerdo, ni en desacuerdo.;;;No;;;Ni en acuerdo, ni en desacuerdo.;;;Creo que los que estímulos académicos que existen, están bien.;;; De acuerdo.;;; De acuerdo.;;;Ni en acuerdo, ni en desacuerdo.;;;No han influido.;;;No es la apropiada, hablando solo del énfasis en Ingeniería de Software no creo que sea efectiva.;;; En desacuerdo.;;; En desacuerdo.;;; En desacuerdo.;;; En desacuerdo.;;;Ni en acuerdo, ni en desacuerdo.;;;No he realizado ninguna;;; En desacuerdo.;;;No he trabajado en nigún proyecto adicional a la tesis, que estoy trabajando.;;;Ni en acuerdo, ni en desacuerdo.;;; De acuerdo.;;; De acuerdo.;;;No.;;; De acuerdo.;;;Ni en acuerdo, ni en desacuerdo.;;; De acuerdo.;;; En desacuerdo.;;; En desacuerdo.;;;Tecnología (desarrollo de software, IA, ciberseguridad, telecomunicaciones);;; De acuerdo.;;; En desacuerdo.;;;RAKwireless;;;Ken Yu;;
52;21/03/2025 18:08;21/03/2025 18:21;miaguerrerop@udistrital.edu.co;MIGUEL ANGEL GUERRERO PALMERA;;;;Miguel\ Angel\ Guerrero;;;13747816;;;41 a 50;;;3017893411;;;2016;;;Teleinformatica;;;Investigación;;;Cloud as a Services using AI;;;Si;;;Dependiendo\ la\ clase\ impartida.\ Debe\ ser\ una\ clase\ con\ un\ contenido\ muy\ especifico;;;Totalmente de acuerdo.;;;Durante la especialización realice un analisis profudo de la gestion de un proyecto nacional en la implementación de fibra óptica y servicios en la red;;; De acuerdo.;;;Considero que se debe tomar mas en cuenta que para los estudios posteriore al grado academico, especializaciones, maestrias se tome mas encuenta la virtualidad. la ejecucion de materias presenciales donde solo se va a ver un profesor en un proyector se puede suplir con clases virtuales y si se desea grabadas. se puede avanzar mas eficasmente y el maestro debe estar atento a resolver dudas prontamente, no cuando le quede tiempo;;; De acuerdo.;;;los estimulos academicos dependen de a quien va dirigido, por ejemplo no puedes motivar de la misma forma a un egresado de colegio o alguien que desea continuar sus estudios superiores y no ha podido por economia o mantenimiento familiar. estos estimulos no solo pueden ser en matricula cero. Generalmente lo que se regala no se valora, y en el estudio es un motivo para dejarlo de lado;;;Ni en acuerdo, ni en desacuerdo.;;;Ni en acuerdo, ni en desacuerdo.;;;Ni en acuerdo, ni en desacuerdo.;;;la no presencialidad llego para quedarse y hacer evolucionar la mente humana en una busqueda afinada utilizando adecuadamente las herramientas. prohibirlas no es la solucion, buscar como aplicarlas correctamente es la forma de incentivar su estudio y analisis.;;;no es efectiva, la formación de esta maestria en cualquiera de sus opciones se hace muy tecnica y poco integral para los estudiantes. se tienen muchas materias de relleno y que no aportan al objetivo final de generar conocimiento;;;Ni en acuerdo, ni en desacuerdo.;;;Ni en acuerdo, ni en desacuerdo.;;;Ni en acuerdo, ni en desacuerdo.;;;Ni en acuerdo, ni en desacuerdo.;;;Ni en acuerdo, ni en desacuerdo.;;;No;;;Ni en acuerdo, ni en desacuerdo.;;;No;;;Ni en acuerdo, ni en desacuerdo.;;;Ni en acuerdo, ni en desacuerdo.;;;Ni en acuerdo, ni en desacuerdo.;;;Sí.;;; De acuerdo.;;;Ni en acuerdo, ni en desacuerdo.;;;Ni en acuerdo, ni en desacuerdo.;;; En desacuerdo.;;;Ni en acuerdo, ni en desacuerdo.;;;Tecnología (desarrollo de software, IA, ciberseguridad, telecomunicaciones);;;Ni en acuerdo, ni en desacuerdo.;;; En desacuerdo.;;;Teleperformance;;;No es posible, por politicas de la compañia es información que no puedo compartir abiertamente;;
